timestamp, name, utilization.gpu [%], memory.used [MiB], memory.total [MiB], temperature.gpu, power.draw [W]
2026/09/23 23:00:24.025, NVIDIA GeForce RTX 4060 Ti, 10 %, 882 MiB, 8188 MiB, 33, 6.40 W
2026/09/23 23:00:29.036, NVIDIA GeForce RTX 4060 Ti, 7 %, 883 MiB, 8188 MiB, 33, 6.04 W
2026/09/23 23:00:34.042, NVIDIA GeForce RTX 4060 Ti, 4 %, 892 MiB, 8188 MiB, 33, 6.30 W
2026/09/23 23:00:39.070, NVIDIA GeForce RTX 4060 Ti, 8 %, 890 MiB, 8188 MiB, 33, 5.94 W
2026/09/23 23:00:44.079, NVIDIA GeForce RTX 4060 Ti, 7 %, 883 MiB, 8188 MiB, 33, 6.01 W
2026/09/23 23:00:49.084, NVIDIA GeForce RTX 4060 Ti, 6 %, 882 MiB, 8188 MiB, 33, 6.29 W
2026/09/23 23:00:54.092, NVIDIA GeForce RTX 4060 Ti, 13 %, 882 MiB, 8188 MiB, 33, 6.18 W
2026/09/23 23:00:59.098, NVIDIA GeForce RTX 4060 Ti, 11 %, 882 MiB, 8188 MiB, 33, 6.03 W
2026/09/23 23:01:04.104, NVIDIA GeForce RTX 4060 Ti, 7 %, 882 MiB, 8188 MiB, 33, 6.04 W
2026/09/23 23:01:09.110, NVIDIA GeForce RTX 4060 Ti, 9 %, 882 MiB, 8188 MiB, 33, 5.93 W
2026/09/23 23:01:14.115, NVIDIA GeForce RTX 4060 Ti, 9 %, 882 MiB, 8188 MiB, 33, 6.14 W
2026/09/23 23:01:19.122, NVIDIA GeForce RTX 4060 Ti, 14 %, 882 MiB, 8188 MiB, 33, 6.46 W
2026/09/23 23:01:24.127, NVIDIA GeForce RTX 4060 Ti, 8 %, 882 MiB, 8188 MiB, 33, 6.05 W
2026/09/23 23:01:29.145, NVIDIA GeForce RTX 4060 Ti, 15 %, 883 MiB, 8188 MiB, 33, 6.36 W
2026/09/23 23:01:34.150, NVIDIA GeForce RTX 4060 Ti, 11 %, 883 MiB, 8188 MiB, 33, 6.48 W
2026/09/23 23:01:39.157, NVIDIA GeForce RTX 4060 Ti, 2 %, 1004 MiB, 8188 MiB, 34, 16.28 W
2026/09/23 23:01:44.162, NVIDIA GeForce RTX 4060 Ti, 2 %, 5246 MiB, 8188 MiB, 35, 32.61 W
2026/09/23 23:01:49.167, NVIDIA GeForce RTX 4060 Ti, 9 %, 5266 MiB, 8188 MiB, 33, 5.93 W
2026/09/23 23:01:54.182, NVIDIA GeForce RTX 4060 Ti, 65 %, 5284 MiB, 8188 MiB, 39, 75.77 W
2026/09/23 23:01:59.188, NVIDIA GeForce RTX 4060 Ti, 45 %, 5284 MiB, 8188 MiB, 43, 80.84 W
2026/09/23 23:02:04.194, NVIDIA GeForce RTX 4060 Ti, 53 %, 5284 MiB, 8188 MiB, 43, 78.95 W
2026/09/23 23:02:09.200, NVIDIA GeForce RTX 4060 Ti, 31 %, 5284 MiB, 8188 MiB, 44, 75.42 W
2026/09/23 23:02:14.210, NVIDIA GeForce RTX 4060 Ti, 47 %, 5284 MiB, 8188 MiB, 46, 88.96 W
2026/09/23 23:02:19.215, NVIDIA GeForce RTX 4060 Ti, 47 %, 5287 MiB, 8188 MiB, 47, 98.32 W
2026/09/23 23:02:24.221, NVIDIA GeForce RTX 4060 Ti, 45 %, 5288 MiB, 8188 MiB, 49, 94.86 W
2026/09/23 23:02:29.227, NVIDIA GeForce RTX 4060 Ti, 46 %, 5292 MiB, 8188 MiB, 47, 86.12 W
2026/09/23 23:02:34.233, NVIDIA GeForce RTX 4060 Ti, 67 %, 5284 MiB, 8188 MiB, 49, 85.25 W
2026/09/23 23:02:39.239, NVIDIA GeForce RTX 4060 Ti, 54 %, 5285 MiB, 8188 MiB, 48, 83.67 W
2026/09/23 23:02:44.245, NVIDIA GeForce RTX 4060 Ti, 70 %, 5283 MiB, 8188 MiB, 55, 105.40 W
2026/09/23 23:02:49.251, NVIDIA GeForce RTX 4060 Ti, 46 %, 5283 MiB, 8188 MiB, 50, 94.88 W
2026/09/23 23:02:54.261, NVIDIA GeForce RTX 4060 Ti, 65 %, 5283 MiB, 8188 MiB, 49, 85.82 W
2026/09/23 23:02:59.266, NVIDIA GeForce RTX 4060 Ti, 74 %, 5283 MiB, 8188 MiB, 51, 97.65 W
2026/09/23 23:03:04.272, NVIDIA GeForce RTX 4060 Ti, 56 %, 5283 MiB, 8188 MiB, 55, 100.58 W
2026/09/23 23:03:09.280, NVIDIA GeForce RTX 4060 Ti, 70 %, 5283 MiB, 8188 MiB, 56, 98.71 W
2026/09/23 23:03:14.286, NVIDIA GeForce RTX 4060 Ti, 70 %, 5283 MiB, 8188 MiB, 55, 103.79 W
2026/09/23 23:03:19.291, NVIDIA GeForce RTX 4060 Ti, 68 %, 5288 MiB, 8188 MiB, 56, 101.09 W
2026/09/23 23:03:24.300, NVIDIA GeForce RTX 4060 Ti, 50 %, 5286 MiB, 8188 MiB, 55, 89.50 W
2026/09/23 23:03:29.310, NVIDIA GeForce RTX 4060 Ti, 43 %, 5285 MiB, 8188 MiB, 60, 102.54 W
2026/09/23 23:03:34.315, NVIDIA GeForce RTX 4060 Ti, 61 %, 5284 MiB, 8188 MiB, 60, 99.44 W
2026/09/23 23:03:39.343, NVIDIA GeForce RTX 4060 Ti, 40 %, 5284 MiB, 8188 MiB, 59, 89.40 W
2026/09/23 23:03:44.348, NVIDIA GeForce RTX 4060 Ti, 54 %, 5284 MiB, 8188 MiB, 56, 96.81 W
2026/09/23 23:03:49.354, NVIDIA GeForce RTX 4060 Ti, 71 %, 5293 MiB, 8188 MiB, 59, 102.41 W
2026/09/23 23:03:54.360, NVIDIA GeForce RTX 4060 Ti, 73 %, 5284 MiB, 8188 MiB, 60, 105.68 W
2026/09/23 23:03:59.365, NVIDIA GeForce RTX 4060 Ti, 53 %, 5284 MiB, 8188 MiB, 52, 86.76 W
2026/09/23 23:04:04.370, NVIDIA GeForce RTX 4060 Ti, 63 %, 5284 MiB, 8188 MiB, 57, 113.86 W
2026/09/23 23:04:09.378, NVIDIA GeForce RTX 4060 Ti, 79 %, 5290 MiB, 8188 MiB, 56, 109.25 W
2026/09/23 23:04:14.383, NVIDIA GeForce RTX 4060 Ti, 81 %, 5281 MiB, 8188 MiB, 52, 104.09 W
2026/09/23 23:04:19.389, NVIDIA GeForce RTX 4060 Ti, 73 %, 5282 MiB, 8188 MiB, 51, 100.00 W
2026/09/23 23:04:24.396, NVIDIA GeForce RTX 4060 Ti, 58 %, 5287 MiB, 8188 MiB, 52, 108.30 W
2026/09/23 23:04:29.402, NVIDIA GeForce RTX 4060 Ti, 74 %, 5280 MiB, 8188 MiB, 53, 115.79 W
2026/09/23 23:04:34.411, NVIDIA GeForce RTX 4060 Ti, 59 %, 5280 MiB, 8188 MiB, 53, 111.48 W
2026/09/23 23:04:39.417, NVIDIA GeForce RTX 4060 Ti, 82 %, 5281 MiB, 8188 MiB, 53, 118.63 W
2026/09/23 23:04:44.422, NVIDIA GeForce RTX 4060 Ti, 91 %, 5281 MiB, 8188 MiB, 51, 124.98 W
2026/09/23 23:04:49.428, NVIDIA GeForce RTX 4060 Ti, 93 %, 5281 MiB, 8188 MiB, 54, 124.23 W
2026/09/23 23:04:54.438, NVIDIA GeForce RTX 4060 Ti, 84 %, 5281 MiB, 8188 MiB, 55, 121.55 W
2026/09/23 23:04:59.448, NVIDIA GeForce RTX 4060 Ti, 93 %, 5281 MiB, 8188 MiB, 57, 128.76 W
2026/09/23 23:05:04.454, NVIDIA GeForce RTX 4060 Ti, 87 %, 5281 MiB, 8188 MiB, 55, 118.80 W
2026/09/23 23:05:09.461, NVIDIA GeForce RTX 4060 Ti, 68 %, 5281 MiB, 8188 MiB, 53, 112.19 W
2026/09/23 23:05:14.467, NVIDIA GeForce RTX 4060 Ti, 91 %, 5281 MiB, 8188 MiB, 54, 117.87 W
2026/09/23 23:05:19.474, NVIDIA GeForce RTX 4060 Ti, 96 %, 5281 MiB, 8188 MiB, 56, 123.74 W
2026/09/23 23:05:24.481, NVIDIA GeForce RTX 4060 Ti, 84 %, 5281 MiB, 8188 MiB, 55, 127.88 W
2026/09/23 23:05:29.487, NVIDIA GeForce RTX 4060 Ti, 95 %, 5281 MiB, 8188 MiB, 55, 132.12 W
2026/09/23 23:05:34.492, NVIDIA GeForce RTX 4060 Ti, 95 %, 5281 MiB, 8188 MiB, 56, 123.43 W
2026/09/23 23:05:39.500, NVIDIA GeForce RTX 4060 Ti, 93 %, 5282 MiB, 8188 MiB, 56, 130.79 W
2026/09/23 23:05:44.509, NVIDIA GeForce RTX 4060 Ti, 96 %, 5282 MiB, 8188 MiB, 56, 129.16 W
2026/09/23 23:05:49.515, NVIDIA GeForce RTX 4060 Ti, 92 %, 5282 MiB, 8188 MiB, 57, 131.55 W
2026/09/23 23:05:54.521, NVIDIA GeForce RTX 4060 Ti, 89 %, 5282 MiB, 8188 MiB, 57, 128.40 W
2026/09/23 23:05:59.527, NVIDIA GeForce RTX 4060 Ti, 96 %, 5282 MiB, 8188 MiB, 58, 133.93 W
2026/09/23 23:06:04.545, NVIDIA GeForce RTX 4060 Ti, 81 %, 5282 MiB, 8188 MiB, 55, 127.96 W
2026/09/23 23:06:09.552, NVIDIA GeForce RTX 4060 Ti, 96 %, 5282 MiB, 8188 MiB, 57, 125.76 W
2026/09/23 23:06:14.562, NVIDIA GeForce RTX 4060 Ti, 95 %, 5282 MiB, 8188 MiB, 57, 130.33 W
2026/09/23 23:06:19.568, NVIDIA GeForce RTX 4060 Ti, 94 %, 5282 MiB, 8188 MiB, 58, 131.59 W
2026/09/23 23:06:24.575, NVIDIA GeForce RTX 4060 Ti, 89 %, 5282 MiB, 8188 MiB, 57, 129.85 W
2026/09/23 23:06:29.581, NVIDIA GeForce RTX 4060 Ti, 96 %, 5282 MiB, 8188 MiB, 56, 133.13 W
2026/09/23 23:06:34.587, NVIDIA GeForce RTX 4060 Ti, 96 %, 5282 MiB, 8188 MiB, 57, 132.85 W
2026/09/23 23:06:39.592, NVIDIA GeForce RTX 4060 Ti, 96 %, 5282 MiB, 8188 MiB, 57, 133.36 W
2026/09/23 23:06:44.598, NVIDIA GeForce RTX 4060 Ti, 96 %, 5282 MiB, 8188 MiB, 56, 131.08 W
2026/09/23 23:06:49.607, NVIDIA GeForce RTX 4060 Ti, 95 %, 5282 MiB, 8188 MiB, 57, 131.54 W
2026/09/23 23:06:54.612, NVIDIA GeForce RTX 4060 Ti, 100 %, 5282 MiB, 8188 MiB, 56, 134.28 W
2026/09/23 23:06:59.626, NVIDIA GeForce RTX 4060 Ti, 97 %, 5282 MiB, 8188 MiB, 58, 134.32 W
2026/09/23 23:07:04.632, NVIDIA GeForce RTX 4060 Ti, 96 %, 5282 MiB, 8188 MiB, 57, 128.82 W
2026/09/23 23:07:09.639, NVIDIA GeForce RTX 4060 Ti, 100 %, 5282 MiB, 8188 MiB, 55, 133.36 W
2026/09/23 23:07:14.645, NVIDIA GeForce RTX 4060 Ti, 100 %, 5282 MiB, 8188 MiB, 55, 129.85 W
2026/09/23 23:07:19.651, NVIDIA GeForce RTX 4060 Ti, 96 %, 5282 MiB, 8188 MiB, 56, 131.24 W
2026/09/23 23:07:24.657, NVIDIA GeForce RTX 4060 Ti, 97 %, 5282 MiB, 8188 MiB, 57, 133.66 W
2026/09/23 23:07:29.662, NVIDIA GeForce RTX 4060 Ti, 96 %, 5282 MiB, 8188 MiB, 58, 134.30 W
2026/09/23 23:07:34.668, NVIDIA GeForce RTX 4060 Ti, 100 %, 5282 MiB, 8188 MiB, 57, 128.83 W
2026/09/23 23:07:39.675, NVIDIA GeForce RTX 4060 Ti, 91 %, 5282 MiB, 8188 MiB, 57, 131.69 W
2026/09/23 23:07:44.681, NVIDIA GeForce RTX 4060 Ti, 100 %, 5282 MiB, 8188 MiB, 57, 127.38 W
2026/09/23 23:07:49.688, NVIDIA GeForce RTX 4060 Ti, 96 %, 5282 MiB, 8188 MiB, 58, 132.25 W
2026/09/23 23:07:54.696, NVIDIA GeForce RTX 4060 Ti, 100 %, 5282 MiB, 8188 MiB, 57, 132.65 W
2026/09/23 23:07:59.702, NVIDIA GeForce RTX 4060 Ti, 95 %, 5282 MiB, 8188 MiB, 59, 132.14 W
2026/09/23 23:08:04.708, NVIDIA GeForce RTX 4060 Ti, 97 %, 5282 MiB, 8188 MiB, 57, 132.51 W
2026/09/23 23:08:09.714, NVIDIA GeForce RTX 4060 Ti, 96 %, 5282 MiB, 8188 MiB, 57, 132.11 W
2026/09/23 23:08:14.719, NVIDIA GeForce RTX 4060 Ti, 94 %, 5282 MiB, 8188 MiB, 58, 130.91 W
2026/09/23 23:08:19.726, NVIDIA GeForce RTX 4060 Ti, 96 %, 5284 MiB, 8188 MiB, 56, 123.47 W
2026/09/23 23:08:24.733, NVIDIA GeForce RTX 4060 Ti, 100 %, 5284 MiB, 8188 MiB, 56, 126.49 W
2026/09/23 23:08:29.739, NVIDIA GeForce RTX 4060 Ti, 100 %, 5282 MiB, 8188 MiB, 56, 129.30 W
2026/09/23 23:08:34.746, NVIDIA GeForce RTX 4060 Ti, 97 %, 5282 MiB, 8188 MiB, 59, 132.60 W
2026/09/23 23:08:39.752, NVIDIA GeForce RTX 4060 Ti, 97 %, 5282 MiB, 8188 MiB, 57, 132.74 W
2026/09/23 23:08:44.758, NVIDIA GeForce RTX 4060 Ti, 100 %, 5282 MiB, 8188 MiB, 57, 129.46 W
2026/09/23 23:08:49.768, NVIDIA GeForce RTX 4060 Ti, 97 %, 5282 MiB, 8188 MiB, 56, 125.60 W
2026/09/23 23:08:54.774, NVIDIA GeForce RTX 4060 Ti, 96 %, 5282 MiB, 8188 MiB, 57, 129.35 W
2026/09/23 23:08:59.781, NVIDIA GeForce RTX 4060 Ti, 100 %, 5282 MiB, 8188 MiB, 56, 126.89 W
2026/09/23 23:09:04.788, NVIDIA GeForce RTX 4060 Ti, 96 %, 5282 MiB, 8188 MiB, 57, 131.20 W
2026/09/23 23:09:09.793, NVIDIA GeForce RTX 4060 Ti, 95 %, 5283 MiB, 8188 MiB, 56, 127.38 W
2026/09/23 23:09:14.800, NVIDIA GeForce RTX 4060 Ti, 96 %, 5282 MiB, 8188 MiB, 57, 124.47 W
2026/09/23 23:09:19.807, NVIDIA GeForce RTX 4060 Ti, 100 %, 5282 MiB, 8188 MiB, 57, 123.76 W
2026/09/23 23:09:24.814, NVIDIA GeForce RTX 4060 Ti, 95 %, 5282 MiB, 8188 MiB, 57, 125.40 W
2026/09/23 23:09:29.820, NVIDIA GeForce RTX 4060 Ti, 100 %, 5282 MiB, 8188 MiB, 56, 124.87 W
2026/09/23 23:09:34.828, NVIDIA GeForce RTX 4060 Ti, 100 %, 5282 MiB, 8188 MiB, 55, 126.45 W
2026/09/23 23:09:39.834, NVIDIA GeForce RTX 4060 Ti, 100 %, 5282 MiB, 8188 MiB, 56, 123.08 W
2026/09/23 23:09:44.839, NVIDIA GeForce RTX 4060 Ti, 100 %, 5282 MiB, 8188 MiB, 54, 121.61 W
2026/09/23 23:09:49.846, NVIDIA GeForce RTX 4060 Ti, 95 %, 5408 MiB, 8188 MiB, 56, 120.42 W
2026/09/23 23:09:54.852, NVIDIA GeForce RTX 4060 Ti, 100 %, 5454 MiB, 8188 MiB, 55, 120.67 W
2026/09/23 23:09:59.859, NVIDIA GeForce RTX 4060 Ti, 95 %, 5548 MiB, 8188 MiB, 56, 120.31 W
2026/09/23 23:10:04.866, NVIDIA GeForce RTX 4060 Ti, 52 %, 5548 MiB, 8188 MiB, 52, 94.95 W
2026/09/23 23:10:09.872, NVIDIA GeForce RTX 4060 Ti, 38 %, 5548 MiB, 8188 MiB, 53, 94.80 W
2026/09/23 23:10:14.879, NVIDIA GeForce RTX 4060 Ti, 48 %, 5548 MiB, 8188 MiB, 51, 96.51 W
2026/09/23 23:10:19.888, NVIDIA GeForce RTX 4060 Ti, 51 %, 5548 MiB, 8188 MiB, 53, 105.35 W
2026/09/23 23:10:24.895, NVIDIA GeForce RTX 4060 Ti, 49 %, 5548 MiB, 8188 MiB, 53, 94.11 W
2026/09/23 23:10:29.901, NVIDIA GeForce RTX 4060 Ti, 61 %, 5548 MiB, 8188 MiB, 54, 103.71 W
2026/09/23 23:10:34.910, NVIDIA GeForce RTX 4060 Ti, 68 %, 5548 MiB, 8188 MiB, 53, 115.79 W
2026/09/23 23:10:39.918, NVIDIA GeForce RTX 4060 Ti, 95 %, 5548 MiB, 8188 MiB, 53, 120.37 W
2026/09/23 23:10:44.923, NVIDIA GeForce RTX 4060 Ti, 95 %, 5548 MiB, 8188 MiB, 53, 127.30 W
2026/09/23 23:10:49.933, NVIDIA GeForce RTX 4060 Ti, 96 %, 5548 MiB, 8188 MiB, 57, 125.00 W
2026/09/23 23:10:54.938, NVIDIA GeForce RTX 4060 Ti, 93 %, 5548 MiB, 8188 MiB, 55, 129.58 W
2026/09/23 23:10:59.944, NVIDIA GeForce RTX 4060 Ti, 96 %, 5548 MiB, 8188 MiB, 55, 125.89 W
2026/09/23 23:11:04.950, NVIDIA GeForce RTX 4060 Ti, 100 %, 5548 MiB, 8188 MiB, 55, 127.39 W
2026/09/23 23:11:09.956, NVIDIA GeForce RTX 4060 Ti, 96 %, 5548 MiB, 8188 MiB, 56, 126.46 W
2026/09/23 23:11:14.962, NVIDIA GeForce RTX 4060 Ti, 100 %, 5548 MiB, 8188 MiB, 56, 127.48 W
2026/09/23 23:11:19.969, NVIDIA GeForce RTX 4060 Ti, 100 %, 5548 MiB, 8188 MiB, 56, 125.52 W
2026/09/23 23:11:24.976, NVIDIA GeForce RTX 4060 Ti, 96 %, 5548 MiB, 8188 MiB, 57, 127.05 W
2026/09/23 23:11:29.982, NVIDIA GeForce RTX 4060 Ti, 100 %, 5548 MiB, 8188 MiB, 55, 120.81 W
2026/09/23 23:11:34.992, NVIDIA GeForce RTX 4060 Ti, 73 %, 5548 MiB, 8188 MiB, 54, 89.26 W
2026/09/23 23:11:39.999, NVIDIA GeForce RTX 4060 Ti, 63 %, 5548 MiB, 8188 MiB, 53, 93.15 W
2026/09/23 23:11:45.005, NVIDIA GeForce RTX 4060 Ti, 62 %, 5548 MiB, 8188 MiB, 53, 95.58 W
2026/09/23 23:11:50.010, NVIDIA GeForce RTX 4060 Ti, 61 %, 5548 MiB, 8188 MiB, 52, 100.39 W
2026/09/23 23:11:55.017, NVIDIA GeForce RTX 4060 Ti, 38 %, 5548 MiB, 8188 MiB, 48, 87.75 W
2026/09/23 23:12:00.025, NVIDIA GeForce RTX 4060 Ti, 52 %, 5548 MiB, 8188 MiB, 50, 96.90 W
2026/09/23 23:12:05.031, NVIDIA GeForce RTX 4060 Ti, 53 %, 5548 MiB, 8188 MiB, 49, 85.60 W
2026/09/23 23:12:10.040, NVIDIA GeForce RTX 4060 Ti, 43 %, 5548 MiB, 8188 MiB, 47, 93.36 W
2026/09/23 23:12:15.046, NVIDIA GeForce RTX 4060 Ti, 66 %, 5548 MiB, 8188 MiB, 50, 93.41 W
2026/09/23 23:12:20.053, NVIDIA GeForce RTX 4060 Ti, 75 %, 5548 MiB, 8188 MiB, 53, 104.11 W
2026/09/23 23:12:25.058, NVIDIA GeForce RTX 4060 Ti, 58 %, 5548 MiB, 8188 MiB, 50, 103.13 W
2026/09/23 23:12:30.065, NVIDIA GeForce RTX 4060 Ti, 86 %, 5548 MiB, 8188 MiB, 53, 98.47 W
2026/09/23 23:12:35.071, NVIDIA GeForce RTX 4060 Ti, 69 %, 5548 MiB, 8188 MiB, 50, 105.65 W
2026/09/23 23:12:40.080, NVIDIA GeForce RTX 4060 Ti, 77 %, 5548 MiB, 8188 MiB, 53, 108.33 W
2026/09/23 23:12:45.086, NVIDIA GeForce RTX 4060 Ti, 70 %, 5548 MiB, 8188 MiB, 53, 104.89 W
2026/09/23 23:12:50.095, NVIDIA GeForce RTX 4060 Ti, 62 %, 5548 MiB, 8188 MiB, 54, 107.62 W
2026/09/23 23:12:55.102, NVIDIA GeForce RTX 4060 Ti, 77 %, 5548 MiB, 8188 MiB, 52, 91.53 W
2026/09/23 23:13:00.108, NVIDIA GeForce RTX 4060 Ti, 45 %, 5548 MiB, 8188 MiB, 49, 92.36 W
2026/09/23 23:13:05.114, NVIDIA GeForce RTX 4060 Ti, 52 %, 5548 MiB, 8188 MiB, 50, 97.60 W
2026/09/23 23:13:10.122, NVIDIA GeForce RTX 4060 Ti, 67 %, 5548 MiB, 8188 MiB, 49, 97.21 W
2026/09/23 23:13:15.127, NVIDIA GeForce RTX 4060 Ti, 47 %, 5548 MiB, 8188 MiB, 47, 84.10 W
2026/09/23 23:13:20.134, NVIDIA GeForce RTX 4060 Ti, 60 %, 5553 MiB, 8188 MiB, 52, 100.78 W
2026/09/23 23:13:25.140, NVIDIA GeForce RTX 4060 Ti, 69 %, 5550 MiB, 8188 MiB, 54, 113.72 W
2026/09/23 23:13:30.148, NVIDIA GeForce RTX 4060 Ti, 74 %, 5548 MiB, 8188 MiB, 51, 114.71 W
2026/09/23 23:13:35.155, NVIDIA GeForce RTX 4060 Ti, 58 %, 5548 MiB, 8188 MiB, 53, 107.79 W
2026/09/23 23:13:40.162, NVIDIA GeForce RTX 4060 Ti, 89 %, 5548 MiB, 8188 MiB, 53, 98.85 W
2026/09/23 23:13:45.169, NVIDIA GeForce RTX 4060 Ti, 75 %, 5548 MiB, 8188 MiB, 53, 107.32 W
2026/09/23 23:13:50.175, NVIDIA GeForce RTX 4060 Ti, 72 %, 5548 MiB, 8188 MiB, 52, 111.19 W
2026/09/23 23:13:55.182, NVIDIA GeForce RTX 4060 Ti, 88 %, 5548 MiB, 8188 MiB, 53, 108.59 W
2026/09/23 23:14:00.193, NVIDIA GeForce RTX 4060 Ti, 87 %, 5547 MiB, 8188 MiB, 54, 121.09 W
2026/09/23 23:14:05.199, NVIDIA GeForce RTX 4060 Ti, 85 %, 5553 MiB, 8188 MiB, 52, 106.45 W
2026/09/23 23:14:10.207, NVIDIA GeForce RTX 4060 Ti, 88 %, 5549 MiB, 8188 MiB, 55, 123.26 W
2026/09/23 23:14:15.213, NVIDIA GeForce RTX 4060 Ti, 53 %, 5546 MiB, 8188 MiB, 53, 106.33 W
2026/09/23 23:14:20.218, NVIDIA GeForce RTX 4060 Ti, 84 %, 5546 MiB, 8188 MiB, 56, 118.98 W
2026/09/23 23:14:25.225, NVIDIA GeForce RTX 4060 Ti, 90 %, 5546 MiB, 8188 MiB, 57, 130.67 W
2026/09/23 23:14:30.230, NVIDIA GeForce RTX 4060 Ti, 63 %, 5546 MiB, 8188 MiB, 54, 115.23 W
2026/09/23 23:14:35.237, NVIDIA GeForce RTX 4060 Ti, 78 %, 5546 MiB, 8188 MiB, 56, 127.16 W
2026/09/23 23:14:40.244, NVIDIA GeForce RTX 4060 Ti, 87 %, 5546 MiB, 8188 MiB, 55, 126.41 W
2026/09/23 23:14:45.251, NVIDIA GeForce RTX 4060 Ti, 82 %, 5546 MiB, 8188 MiB, 55, 117.86 W
2026/09/23 23:14:50.257, NVIDIA GeForce RTX 4060 Ti, 94 %, 5547 MiB, 8188 MiB, 57, 128.36 W
2026/09/23 23:14:55.263, NVIDIA GeForce RTX 4060 Ti, 96 %, 5546 MiB, 8188 MiB, 58, 131.85 W
2026/09/23 23:15:00.269, NVIDIA GeForce RTX 4060 Ti, 51 %, 5547 MiB, 8188 MiB, 56, 119.90 W
2026/09/23 23:15:05.274, NVIDIA GeForce RTX 4060 Ti, 96 %, 5547 MiB, 8188 MiB, 58, 132.46 W
2026/09/23 23:15:10.285, NVIDIA GeForce RTX 4060 Ti, 96 %, 5547 MiB, 8188 MiB, 57, 131.96 W
2026/09/23 23:15:15.293, NVIDIA GeForce RTX 4060 Ti, 91 %, 5547 MiB, 8188 MiB, 55, 132.11 W
2026/09/23 23:15:20.300, NVIDIA GeForce RTX 4060 Ti, 97 %, 5547 MiB, 8188 MiB, 58, 128.74 W
2026/09/23 23:15:25.306, NVIDIA GeForce RTX 4060 Ti, 77 %, 5547 MiB, 8188 MiB, 58, 129.70 W
2026/09/23 23:15:30.311, NVIDIA GeForce RTX 4060 Ti, 94 %, 5547 MiB, 8188 MiB, 57, 132.45 W
2026/09/23 23:15:35.318, NVIDIA GeForce RTX 4060 Ti, 87 %, 5547 MiB, 8188 MiB, 57, 129.11 W
2026/09/23 23:15:40.324, NVIDIA GeForce RTX 4060 Ti, 95 %, 5547 MiB, 8188 MiB, 57, 130.88 W
2026/09/23 23:15:45.330, NVIDIA GeForce RTX 4060 Ti, 89 %, 5547 MiB, 8188 MiB, 58, 127.87 W
2026/09/23 23:15:50.336, NVIDIA GeForce RTX 4060 Ti, 94 %, 5547 MiB, 8188 MiB, 55, 127.47 W
2026/09/23 23:15:55.343, NVIDIA GeForce RTX 4060 Ti, 97 %, 5547 MiB, 8188 MiB, 55, 131.60 W
2026/09/23 23:16:00.353, NVIDIA GeForce RTX 4060 Ti, 96 %, 5547 MiB, 8188 MiB, 58, 130.02 W
2026/09/23 23:16:05.358, NVIDIA GeForce RTX 4060 Ti, 92 %, 5547 MiB, 8188 MiB, 58, 130.12 W
2026/09/23 23:16:10.364, NVIDIA GeForce RTX 4060 Ti, 94 %, 5547 MiB, 8188 MiB, 56, 130.24 W
2026/09/23 23:16:15.371, NVIDIA GeForce RTX 4060 Ti, 94 %, 5547 MiB, 8188 MiB, 57, 129.79 W
2026/09/23 23:16:20.382, NVIDIA GeForce RTX 4060 Ti, 93 %, 5547 MiB, 8188 MiB, 58, 130.84 W
2026/09/23 23:16:25.388, NVIDIA GeForce RTX 4060 Ti, 100 %, 5547 MiB, 8188 MiB, 58, 128.55 W
2026/09/23 23:16:30.394, NVIDIA GeForce RTX 4060 Ti, 96 %, 5547 MiB, 8188 MiB, 58, 130.77 W
2026/09/23 23:16:35.399, NVIDIA GeForce RTX 4060 Ti, 97 %, 5547 MiB, 8188 MiB, 58, 130.56 W
2026/09/23 23:16:40.404, NVIDIA GeForce RTX 4060 Ti, 94 %, 5547 MiB, 8188 MiB, 56, 132.54 W
2026/09/23 23:16:45.413, NVIDIA GeForce RTX 4060 Ti, 100 %, 5547 MiB, 8188 MiB, 57, 127.63 W
2026/09/23 23:16:50.421, NVIDIA GeForce RTX 4060 Ti, 96 %, 5547 MiB, 8188 MiB, 57, 130.72 W
2026/09/23 23:16:55.426, NVIDIA GeForce RTX 4060 Ti, 97 %, 5547 MiB, 8188 MiB, 58, 132.76 W
2026/09/23 23:17:00.433, NVIDIA GeForce RTX 4060 Ti, 100 %, 5547 MiB, 8188 MiB, 57, 132.00 W
2026/09/23 23:17:05.439, NVIDIA GeForce RTX 4060 Ti, 100 %, 5547 MiB, 8188 MiB, 57, 132.02 W
2026/09/23 23:17:10.445, NVIDIA GeForce RTX 4060 Ti, 96 %, 5547 MiB, 8188 MiB, 57, 126.88 W
2026/09/23 23:17:15.451, NVIDIA GeForce RTX 4060 Ti, 93 %, 5547 MiB, 8188 MiB, 58, 128.38 W
2026/09/23 23:17:20.457, NVIDIA GeForce RTX 4060 Ti, 96 %, 5547 MiB, 8188 MiB, 57, 130.82 W
2026/09/23 23:17:25.487, NVIDIA GeForce RTX 4060 Ti, 100 %, 5547 MiB, 8188 MiB, 56, 128.92 W
2026/09/23 23:17:30.496, NVIDIA GeForce RTX 4060 Ti, 100 %, 5547 MiB, 8188 MiB, 58, 132.20 W
2026/09/23 23:17:35.505, NVIDIA GeForce RTX 4060 Ti, 100 %, 5547 MiB, 8188 MiB, 56, 118.68 W
2026/09/23 23:17:40.511, NVIDIA GeForce RTX 4060 Ti, 97 %, 5547 MiB, 8188 MiB, 56, 124.82 W
2026/09/23 23:17:45.519, NVIDIA GeForce RTX 4060 Ti, 100 %, 5547 MiB, 8188 MiB, 56, 127.42 W
2026/09/23 23:17:50.525, NVIDIA GeForce RTX 4060 Ti, 97 %, 5547 MiB, 8188 MiB, 58, 129.13 W
2026/09/23 23:17:55.531, NVIDIA GeForce RTX 4060 Ti, 96 %, 5547 MiB, 8188 MiB, 58, 128.60 W
2026/09/23 23:18:00.537, NVIDIA GeForce RTX 4060 Ti, 100 %, 5546 MiB, 8188 MiB, 58, 129.62 W
2026/09/23 23:18:05.544, NVIDIA GeForce RTX 4060 Ti, 100 %, 5547 MiB, 8188 MiB, 57, 132.44 W
2026/09/23 23:18:10.550, NVIDIA GeForce RTX 4060 Ti, 100 %, 5547 MiB, 8188 MiB, 57, 125.94 W
2026/09/23 23:18:15.556, NVIDIA GeForce RTX 4060 Ti, 100 %, 5547 MiB, 8188 MiB, 57, 128.76 W
2026/09/23 23:18:20.563, NVIDIA GeForce RTX 4060 Ti, 100 %, 5552 MiB, 8188 MiB, 56, 124.85 W
2026/09/23 23:18:25.568, NVIDIA GeForce RTX 4060 Ti, 94 %, 5549 MiB, 8188 MiB, 57, 131.56 W
2026/09/23 23:18:30.576, NVIDIA GeForce RTX 4060 Ti, 97 %, 5549 MiB, 8188 MiB, 57, 123.39 W
2026/09/23 23:18:35.583, NVIDIA GeForce RTX 4060 Ti, 100 %, 5547 MiB, 8188 MiB, 57, 125.70 W
2026/09/23 23:18:40.589, NVIDIA GeForce RTX 4060 Ti, 96 %, 5547 MiB, 8188 MiB, 55, 124.54 W
2026/09/23 23:18:45.597, NVIDIA GeForce RTX 4060 Ti, 100 %, 5547 MiB, 8188 MiB, 57, 124.86 W
2026/09/23 23:18:50.602, NVIDIA GeForce RTX 4060 Ti, 95 %, 5547 MiB, 8188 MiB, 56, 124.71 W
2026/09/23 23:18:55.612, NVIDIA GeForce RTX 4060 Ti, 100 %, 5547 MiB, 8188 MiB, 56, 126.49 W
2026/09/23 23:19:00.618, NVIDIA GeForce RTX 4060 Ti, 96 %, 5547 MiB, 8188 MiB, 56, 124.72 W
2026/09/23 23:19:05.623, NVIDIA GeForce RTX 4060 Ti, 96 %, 5547 MiB, 8188 MiB, 58, 125.78 W
2026/09/23 23:19:10.628, NVIDIA GeForce RTX 4060 Ti, 95 %, 5547 MiB, 8188 MiB, 56, 123.55 W
2026/09/23 23:19:15.636, NVIDIA GeForce RTX 4060 Ti, 100 %, 5547 MiB, 8188 MiB, 57, 124.73 W
2026/09/23 23:19:20.643, NVIDIA GeForce RTX 4060 Ti, 95 %, 5547 MiB, 8188 MiB, 57, 119.66 W
2026/09/23 23:19:25.648, NVIDIA GeForce RTX 4060 Ti, 100 %, 5655 MiB, 8188 MiB, 55, 117.94 W
2026/09/23 23:19:30.654, NVIDIA GeForce RTX 4060 Ti, 100 %, 5655 MiB, 8188 MiB, 55, 119.40 W
2026/09/23 23:19:35.661, NVIDIA GeForce RTX 4060 Ti, 95 %, 5655 MiB, 8188 MiB, 54, 119.44 W
2026/09/23 23:19:40.667, NVIDIA GeForce RTX 4060 Ti, 3 %, 5655 MiB, 8188 MiB, 46, 83.68 W
2026/09/23 23:19:45.673, NVIDIA GeForce RTX 4060 Ti, 63 %, 5655 MiB, 8188 MiB, 54, 91.58 W
2026/09/23 23:19:50.679, NVIDIA GeForce RTX 4060 Ti, 48 %, 5655 MiB, 8188 MiB, 52, 88.02 W
2026/09/23 23:19:55.689, NVIDIA GeForce RTX 4060 Ti, 68 %, 5655 MiB, 8188 MiB, 53, 96.75 W
2026/09/23 23:20:00.695, NVIDIA GeForce RTX 4060 Ti, 57 %, 5655 MiB, 8188 MiB, 49, 95.96 W
2026/09/23 23:20:05.703, NVIDIA GeForce RTX 4060 Ti, 57 %, 5655 MiB, 8188 MiB, 50, 84.86 W
2026/09/23 23:20:10.710, NVIDIA GeForce RTX 4060 Ti, 61 %, 5655 MiB, 8188 MiB, 51, 101.52 W
2026/09/23 23:20:15.717, NVIDIA GeForce RTX 4060 Ti, 37 %, 5655 MiB, 8188 MiB, 51, 98.81 W
2026/09/23 23:20:20.723, NVIDIA GeForce RTX 4060 Ti, 52 %, 5655 MiB, 8188 MiB, 50, 101.46 W
2026/09/23 23:20:25.730, NVIDIA GeForce RTX 4060 Ti, 70 %, 5655 MiB, 8188 MiB, 56, 113.15 W
2026/09/23 23:20:30.738, NVIDIA GeForce RTX 4060 Ti, 78 %, 5655 MiB, 8188 MiB, 54, 104.97 W
2026/09/23 23:20:35.744, NVIDIA GeForce RTX 4060 Ti, 92 %, 5655 MiB, 8188 MiB, 54, 107.87 W
2026/09/23 23:20:40.749, NVIDIA GeForce RTX 4060 Ti, 74 %, 5655 MiB, 8188 MiB, 56, 120.36 W
2026/09/23 23:20:45.762, NVIDIA GeForce RTX 4060 Ti, 86 %, 5655 MiB, 8188 MiB, 55, 117.38 W
2026/09/23 23:20:50.768, NVIDIA GeForce RTX 4060 Ti, 66 %, 5655 MiB, 8188 MiB, 53, 105.97 W
2026/09/23 23:20:55.775, NVIDIA GeForce RTX 4060 Ti, 96 %, 5655 MiB, 8188 MiB, 54, 125.56 W
2026/09/23 23:21:00.782, NVIDIA GeForce RTX 4060 Ti, 92 %, 5655 MiB, 8188 MiB, 56, 130.48 W
2026/09/23 23:21:05.788, NVIDIA GeForce RTX 4060 Ti, 93 %, 5655 MiB, 8188 MiB, 56, 127.20 W
2026/09/23 23:21:10.795, NVIDIA GeForce RTX 4060 Ti, 63 %, 5655 MiB, 8188 MiB, 56, 125.56 W
2026/09/23 23:21:15.801, NVIDIA GeForce RTX 4060 Ti, 92 %, 5655 MiB, 8188 MiB, 56, 122.82 W
2026/09/23 23:21:20.821, NVIDIA GeForce RTX 4060 Ti, 96 %, 5655 MiB, 8188 MiB, 58, 132.43 W
2026/09/23 23:21:25.841, NVIDIA GeForce RTX 4060 Ti, 97 %, 5655 MiB, 8188 MiB, 57, 134.47 W
2026/09/23 23:21:30.849, NVIDIA GeForce RTX 4060 Ti, 96 %, 5655 MiB, 8188 MiB, 56, 130.82 W
2026/09/23 23:21:35.855, NVIDIA GeForce RTX 4060 Ti, 90 %, 5655 MiB, 8188 MiB, 58, 130.63 W
2026/09/23 23:21:40.861, NVIDIA GeForce RTX 4060 Ti, 93 %, 5655 MiB, 8188 MiB, 59, 133.09 W
2026/09/23 23:21:45.868, NVIDIA GeForce RTX 4060 Ti, 93 %, 5655 MiB, 8188 MiB, 56, 133.43 W
2026/09/23 23:21:50.876, NVIDIA GeForce RTX 4060 Ti, 96 %, 5655 MiB, 8188 MiB, 57, 129.19 W
2026/09/23 23:21:55.887, NVIDIA GeForce RTX 4060 Ti, 100 %, 5655 MiB, 8188 MiB, 54, 129.95 W
2026/09/23 23:22:00.893, NVIDIA GeForce RTX 4060 Ti, 96 %, 5655 MiB, 8188 MiB, 57, 130.82 W
2026/09/23 23:22:05.900, NVIDIA GeForce RTX 4060 Ti, 97 %, 5655 MiB, 8188 MiB, 58, 133.70 W
2026/09/23 23:22:10.908, NVIDIA GeForce RTX 4060 Ti, 97 %, 5655 MiB, 8188 MiB, 59, 135.31 W
2026/09/23 23:22:15.913, NVIDIA GeForce RTX 4060 Ti, 96 %, 5655 MiB, 8188 MiB, 59, 134.21 W
2026/09/23 23:22:20.918, NVIDIA GeForce RTX 4060 Ti, 100 %, 5655 MiB, 8188 MiB, 57, 126.62 W
2026/09/23 23:22:25.923, NVIDIA GeForce RTX 4060 Ti, 97 %, 5655 MiB, 8188 MiB, 58, 128.23 W
2026/09/23 23:22:30.933, NVIDIA GeForce RTX 4060 Ti, 100 %, 5655 MiB, 8188 MiB, 57, 125.26 W
2026/09/23 23:22:35.939, NVIDIA GeForce RTX 4060 Ti, 94 %, 5655 MiB, 8188 MiB, 58, 128.80 W
2026/09/23 23:22:40.945, NVIDIA GeForce RTX 4060 Ti, 97 %, 5654 MiB, 8188 MiB, 58, 128.93 W
2026/09/23 23:22:45.950, NVIDIA GeForce RTX 4060 Ti, 96 %, 5654 MiB, 8188 MiB, 59, 130.58 W
2026/09/23 23:22:50.955, NVIDIA GeForce RTX 4060 Ti, 95 %, 5654 MiB, 8188 MiB, 58, 132.34 W
2026/09/23 23:22:55.960, NVIDIA GeForce RTX 4060 Ti, 100 %, 5654 MiB, 8188 MiB, 57, 126.20 W
2026/09/23 23:23:00.965, NVIDIA GeForce RTX 4060 Ti, 100 %, 5654 MiB, 8188 MiB, 58, 125.54 W
2026/09/23 23:23:05.970, NVIDIA GeForce RTX 4060 Ti, 100 %, 5655 MiB, 8188 MiB, 57, 124.43 W
2026/09/23 23:23:10.976, NVIDIA GeForce RTX 4060 Ti, 95 %, 5655 MiB, 8188 MiB, 57, 125.60 W
2026/09/23 23:23:15.982, NVIDIA GeForce RTX 4060 Ti, 100 %, 5655 MiB, 8188 MiB, 56, 121.53 W
2026/09/23 23:23:20.990, NVIDIA GeForce RTX 4060 Ti, 100 %, 5656 MiB, 8188 MiB, 55, 119.09 W
2026/09/23 23:23:25.996, NVIDIA GeForce RTX 4060 Ti, 58 %, 5656 MiB, 8188 MiB, 50, 82.95 W
2026/09/23 23:23:31.001, NVIDIA GeForce RTX 4060 Ti, 38 %, 5655 MiB, 8188 MiB, 49, 80.86 W
2026/09/23 23:23:36.007, NVIDIA GeForce RTX 4060 Ti, 32 %, 5655 MiB, 8188 MiB, 49, 82.61 W
2026/09/23 23:23:41.013, NVIDIA GeForce RTX 4060 Ti, 46 %, 5655 MiB, 8188 MiB, 51, 79.83 W
2026/09/23 23:23:46.020, NVIDIA GeForce RTX 4060 Ti, 41 %, 5655 MiB, 8188 MiB, 48, 75.94 W
2026/09/23 23:23:51.027, NVIDIA GeForce RTX 4060 Ti, 36 %, 5655 MiB, 8188 MiB, 47, 84.07 W
2026/09/23 23:23:56.036, NVIDIA GeForce RTX 4060 Ti, 55 %, 5663 MiB, 8188 MiB, 52, 85.18 W
2026/09/23 23:24:01.042, NVIDIA GeForce RTX 4060 Ti, 35 %, 5656 MiB, 8188 MiB, 48, 79.96 W
2026/09/23 23:24:06.047, NVIDIA GeForce RTX 4060 Ti, 47 %, 5656 MiB, 8188 MiB, 50, 83.90 W
2026/09/23 23:24:11.053, NVIDIA GeForce RTX 4060 Ti, 65 %, 5656 MiB, 8188 MiB, 50, 88.63 W
2026/09/23 23:24:16.059, NVIDIA GeForce RTX 4060 Ti, 47 %, 5656 MiB, 8188 MiB, 51, 83.90 W
2026/09/23 23:24:21.065, NVIDIA GeForce RTX 4060 Ti, 73 %, 5656 MiB, 8188 MiB, 52, 95.86 W
2026/09/23 23:24:26.070, NVIDIA GeForce RTX 4060 Ti, 45 %, 5656 MiB, 8188 MiB, 49, 85.88 W
2026/09/23 23:24:31.078, NVIDIA GeForce RTX 4060 Ti, 59 %, 5656 MiB, 8188 MiB, 51, 88.07 W
2026/09/23 23:24:36.085, NVIDIA GeForce RTX 4060 Ti, 75 %, 5656 MiB, 8188 MiB, 49, 106.22 W
2026/09/23 23:24:41.101, NVIDIA GeForce RTX 4060 Ti, 57 %, 5656 MiB, 8188 MiB, 50, 108.89 W
2026/09/23 23:24:46.107, NVIDIA GeForce RTX 4060 Ti, 84 %, 5656 MiB, 8188 MiB, 53, 114.90 W
2026/09/23 23:24:51.114, NVIDIA GeForce RTX 4060 Ti, 67 %, 5656 MiB, 8188 MiB, 51, 118.26 W
2026/09/23 23:24:56.120, NVIDIA GeForce RTX 4060 Ti, 79 %, 5657 MiB, 8188 MiB, 53, 118.70 W
2026/09/23 23:25:01.126, NVIDIA GeForce RTX 4060 Ti, 91 %, 5656 MiB, 8188 MiB, 57, 125.59 W
2026/09/23 23:25:06.133, NVIDIA GeForce RTX 4060 Ti, 93 %, 5656 MiB, 8188 MiB, 57, 131.52 W
2026/09/23 23:25:11.140, NVIDIA GeForce RTX 4060 Ti, 89 %, 5656 MiB, 8188 MiB, 56, 129.23 W
2026/09/23 23:25:16.147, NVIDIA GeForce RTX 4060 Ti, 2 %, 5656 MiB, 8188 MiB, 44, 73.39 W
2026/09/23 23:25:21.151, NVIDIA GeForce RTX 4060 Ti, 32 %, 5270 MiB, 8188 MiB, 41, 22.00 W
2026/09/23 23:25:26.158, NVIDIA GeForce RTX 4060 Ti, 35 %, 5270 MiB, 8188 MiB, 40, 16.73 W
2026/09/23 23:25:31.164, NVIDIA GeForce RTX 4060 Ti, 37 %, 5270 MiB, 8188 MiB, 40, 16.63 W
2026/09/23 23:25:36.170, NVIDIA GeForce RTX 4060 Ti, 35 %, 5270 MiB, 8188 MiB, 39, 16.39 W
2026/09/23 23:25:41.176, NVIDIA GeForce RTX 4060 Ti, 6 %, 5270 MiB, 8188 MiB, 39, 6.72 W
2026/09/23 23:25:46.185, NVIDIA GeForce RTX 4060 Ti, 31 %, 5312 MiB, 8188 MiB, 42, 31.75 W
2026/09/23 23:25:51.192, NVIDIA GeForce RTX 4060 Ti, 35 %, 5312 MiB, 8188 MiB, 44, 48.04 W
2026/09/23 23:25:56.197, NVIDIA GeForce RTX 4060 Ti, 38 %, 5312 MiB, 8188 MiB, 46, 64.76 W
2026/09/23 23:26:01.203, NVIDIA GeForce RTX 4060 Ti, 39 %, 5314 MiB, 8188 MiB, 44, 58.16 W
2026/09/23 23:26:06.208, NVIDIA GeForce RTX 4060 Ti, 41 %, 5314 MiB, 8188 MiB, 48, 71.50 W
2026/09/23 23:26:11.215, NVIDIA GeForce RTX 4060 Ti, 29 %, 5314 MiB, 8188 MiB, 47, 70.90 W
2026/09/23 23:26:16.223, NVIDIA GeForce RTX 4060 Ti, 43 %, 5314 MiB, 8188 MiB, 50, 70.63 W
2026/09/23 23:26:21.229, NVIDIA GeForce RTX 4060 Ti, 40 %, 5314 MiB, 8188 MiB, 51, 74.80 W
2026/09/23 23:26:26.237, NVIDIA GeForce RTX 4060 Ti, 41 %, 5314 MiB, 8188 MiB, 50, 75.57 W
2026/09/23 23:26:31.242, NVIDIA GeForce RTX 4060 Ti, 49 %, 5317 MiB, 8188 MiB, 52, 87.49 W
2026/09/23 23:26:36.250, NVIDIA GeForce RTX 4060 Ti, 45 %, 5317 MiB, 8188 MiB, 54, 90.00 W
2026/09/23 23:26:41.255, NVIDIA GeForce RTX 4060 Ti, 60 %, 5317 MiB, 8188 MiB, 53, 93.30 W
2026/09/23 23:26:46.262, NVIDIA GeForce RTX 4060 Ti, 42 %, 5317 MiB, 8188 MiB, 58, 91.34 W
2026/09/23 23:26:51.268, NVIDIA GeForce RTX 4060 Ti, 78 %, 5316 MiB, 8188 MiB, 56, 105.15 W
2026/09/23 23:26:56.275, NVIDIA GeForce RTX 4060 Ti, 74 %, 5316 MiB, 8188 MiB, 59, 113.10 W
2026/09/23 23:27:01.281, NVIDIA GeForce RTX 4060 Ti, 75 %, 5316 MiB, 8188 MiB, 59, 115.99 W
2026/09/23 23:27:06.287, NVIDIA GeForce RTX 4060 Ti, 84 %, 5316 MiB, 8188 MiB, 60, 122.41 W
2026/09/23 23:27:11.294, NVIDIA GeForce RTX 4060 Ti, 82 %, 5316 MiB, 8188 MiB, 60, 128.82 W
2026/09/23 23:27:16.300, NVIDIA GeForce RTX 4060 Ti, 90 %, 5317 MiB, 8188 MiB, 58, 127.57 W
2026/09/23 23:27:21.306, NVIDIA GeForce RTX 4060 Ti, 89 %, 5317 MiB, 8188 MiB, 60, 133.85 W
2026/09/23 23:27:26.318, NVIDIA GeForce RTX 4060 Ti, 93 %, 5317 MiB, 8188 MiB, 60, 130.31 W
2026/09/23 23:27:31.336, NVIDIA GeForce RTX 4060 Ti, 89 %, 5317 MiB, 8188 MiB, 57, 133.23 W
2026/09/23 23:27:36.342, NVIDIA GeForce RTX 4060 Ti, 89 %, 5317 MiB, 8188 MiB, 59, 134.38 W
2026/09/23 23:27:41.348, NVIDIA GeForce RTX 4060 Ti, 93 %, 5317 MiB, 8188 MiB, 60, 132.60 W
2026/09/23 23:27:46.356, NVIDIA GeForce RTX 4060 Ti, 94 %, 5317 MiB, 8188 MiB, 59, 132.57 W
2026/09/23 23:27:51.362, NVIDIA GeForce RTX 4060 Ti, 94 %, 5317 MiB, 8188 MiB, 57, 131.54 W
2026/09/23 23:27:56.369, NVIDIA GeForce RTX 4060 Ti, 92 %, 5317 MiB, 8188 MiB, 55, 130.83 W
2026/09/23 23:28:01.374, NVIDIA GeForce RTX 4060 Ti, 92 %, 5317 MiB, 8188 MiB, 58, 130.41 W
2026/09/23 23:28:06.379, NVIDIA GeForce RTX 4060 Ti, 89 %, 5317 MiB, 8188 MiB, 58, 128.92 W
2026/09/23 23:28:11.415, NVIDIA GeForce RTX 4060 Ti, 93 %, 5317 MiB, 8188 MiB, 58, 128.90 W
2026/09/23 23:28:16.422, NVIDIA GeForce RTX 4060 Ti, 100 %, 5317 MiB, 8188 MiB, 57, 129.06 W
2026/09/23 23:28:21.428, NVIDIA GeForce RTX 4060 Ti, 100 %, 5318 MiB, 8188 MiB, 57, 129.15 W
2026/09/23 23:28:26.434, NVIDIA GeForce RTX 4060 Ti, 100 %, 5318 MiB, 8188 MiB, 58, 129.80 W
2026/09/23 23:28:31.440, NVIDIA GeForce RTX 4060 Ti, 87 %, 5317 MiB, 8188 MiB, 57, 127.36 W
2026/09/23 23:28:36.445, NVIDIA GeForce RTX 4060 Ti, 1 %, 5269 MiB, 8188 MiB, 44, 33.78 W
2026/09/23 23:28:41.452, NVIDIA GeForce RTX 4060 Ti, 97 %, 5301 MiB, 8188 MiB, 40, 11.24 W
2026/09/23 23:28:46.459, NVIDIA GeForce RTX 4060 Ti, 41 %, 5303 MiB, 8188 MiB, 41, 26.73 W
2026/09/23 23:28:51.465, NVIDIA GeForce RTX 4060 Ti, 36 %, 5302 MiB, 8188 MiB, 41, 26.50 W
2026/09/23 23:28:56.469, NVIDIA GeForce RTX 4060 Ti, 32 %, 5302 MiB, 8188 MiB, 41, 29.82 W
2026/09/23 23:29:01.474, NVIDIA GeForce RTX 4060 Ti, 35 %, 5302 MiB, 8188 MiB, 41, 28.18 W
2026/09/23 23:29:06.489, NVIDIA GeForce RTX 4060 Ti, 42 %, 5302 MiB, 8188 MiB, 40, 28.78 W
2026/09/23 23:29:11.495, NVIDIA GeForce RTX 4060 Ti, 47 %, 5302 MiB, 8188 MiB, 41, 29.03 W
2026/09/23 23:29:16.500, NVIDIA GeForce RTX 4060 Ti, 32 %, 5302 MiB, 8188 MiB, 41, 33.15 W
2026/09/23 23:29:21.506, NVIDIA GeForce RTX 4060 Ti, 44 %, 5302 MiB, 8188 MiB, 42, 33.20 W
2026/09/23 23:29:26.511, NVIDIA GeForce RTX 4060 Ti, 34 %, 5302 MiB, 8188 MiB, 43, 39.78 W
2026/09/23 23:29:31.517, NVIDIA GeForce RTX 4060 Ti, 39 %, 5302 MiB, 8188 MiB, 42, 36.97 W
2026/09/23 23:29:36.523, NVIDIA GeForce RTX 4060 Ti, 36 %, 5302 MiB, 8188 MiB, 43, 37.76 W
2026/09/23 23:29:41.531, NVIDIA GeForce RTX 4060 Ti, 33 %, 5302 MiB, 8188 MiB, 43, 44.70 W
2026/09/23 23:29:46.538, NVIDIA GeForce RTX 4060 Ti, 40 %, 5302 MiB, 8188 MiB, 45, 47.66 W
2026/09/23 23:29:51.544, NVIDIA GeForce RTX 4060 Ti, 39 %, 5302 MiB, 8188 MiB, 45, 62.93 W
2026/09/23 23:29:56.550, NVIDIA GeForce RTX 4060 Ti, 33 %, 5302 MiB, 8188 MiB, 47, 68.53 W
2026/09/23 23:30:01.555, NVIDIA GeForce RTX 4060 Ti, 49 %, 5302 MiB, 8188 MiB, 51, 79.24 W
2026/09/23 23:30:06.561, NVIDIA GeForce RTX 4060 Ti, 50 %, 5302 MiB, 8188 MiB, 53, 87.60 W
2026/09/23 23:30:11.569, NVIDIA GeForce RTX 4060 Ti, 52 %, 5302 MiB, 8188 MiB, 52, 96.25 W
2026/09/23 23:30:16.575, NVIDIA GeForce RTX 4060 Ti, 47 %, 5302 MiB, 8188 MiB, 52, 101.25 W
2026/09/23 23:30:21.581, NVIDIA GeForce RTX 4060 Ti, 69 %, 5302 MiB, 8188 MiB, 56, 110.93 W
2026/09/23 23:30:26.586, NVIDIA GeForce RTX 4060 Ti, 88 %, 5302 MiB, 8188 MiB, 55, 115.88 W
2026/09/23 23:30:31.594, NVIDIA GeForce RTX 4060 Ti, 84 %, 5302 MiB, 8188 MiB, 58, 116.21 W
2026/09/23 23:30:36.602, NVIDIA GeForce RTX 4060 Ti, 94 %, 5302 MiB, 8188 MiB, 57, 116.28 W
2026/09/23 23:30:41.608, NVIDIA GeForce RTX 4060 Ti, 94 %, 5302 MiB, 8188 MiB, 55, 113.53 W
2026/09/23 23:30:46.615, NVIDIA GeForce RTX 4060 Ti, 92 %, 5302 MiB, 8188 MiB, 56, 110.95 W
2026/09/23 23:30:51.620, NVIDIA GeForce RTX 4060 Ti, 100 %, 5303 MiB, 8188 MiB, 54, 109.84 W
2026/09/23 23:30:56.628, NVIDIA GeForce RTX 4060 Ti, 3 %, 5269 MiB, 8188 MiB, 43, 30.42 W
2026/09/23 23:31:01.634, NVIDIA GeForce RTX 4060 Ti, 88 %, 5315 MiB, 8188 MiB, 58, 125.97 W
2026/09/23 23:31:06.641, NVIDIA GeForce RTX 4060 Ti, 82 %, 5315 MiB, 8188 MiB, 58, 128.57 W
2026/09/23 23:31:11.651, NVIDIA GeForce RTX 4060 Ti, 85 %, 5317 MiB, 8188 MiB, 55, 133.28 W
2026/09/23 23:31:16.657, NVIDIA GeForce RTX 4060 Ti, 85 %, 5317 MiB, 8188 MiB, 56, 136.44 W
2026/09/23 23:31:21.663, NVIDIA GeForce RTX 4060 Ti, 87 %, 5317 MiB, 8188 MiB, 56, 135.32 W
2026/09/23 23:31:26.669, NVIDIA GeForce RTX 4060 Ti, 90 %, 5317 MiB, 8188 MiB, 60, 134.48 W
2026/09/23 23:31:31.676, NVIDIA GeForce RTX 4060 Ti, 87 %, 5317 MiB, 8188 MiB, 60, 136.17 W
2026/09/23 23:31:36.682, NVIDIA GeForce RTX 4060 Ti, 87 %, 5317 MiB, 8188 MiB, 60, 137.87 W
2026/09/23 23:31:41.688, NVIDIA GeForce RTX 4060 Ti, 89 %, 5316 MiB, 8188 MiB, 60, 139.47 W
2026/09/23 23:31:46.694, NVIDIA GeForce RTX 4060 Ti, 89 %, 5316 MiB, 8188 MiB, 60, 140.00 W
2026/09/23 23:31:51.701, NVIDIA GeForce RTX 4060 Ti, 88 %, 5318 MiB, 8188 MiB, 58, 140.13 W
2026/09/23 23:31:56.707, NVIDIA GeForce RTX 4060 Ti, 91 %, 5318 MiB, 8188 MiB, 61, 141.91 W
2026/09/23 23:32:01.717, NVIDIA GeForce RTX 4060 Ti, 92 %, 5318 MiB, 8188 MiB, 61, 140.55 W
2026/09/23 23:32:06.723, NVIDIA GeForce RTX 4060 Ti, 92 %, 5318 MiB, 8188 MiB, 61, 142.27 W
2026/09/23 23:32:11.731, NVIDIA GeForce RTX 4060 Ti, 96 %, 5318 MiB, 8188 MiB, 61, 141.86 W
2026/09/23 23:32:16.737, NVIDIA GeForce RTX 4060 Ti, 94 %, 5318 MiB, 8188 MiB, 58, 138.80 W
2026/09/23 23:32:21.743, NVIDIA GeForce RTX 4060 Ti, 97 %, 5318 MiB, 8188 MiB, 61, 139.10 W
2026/09/23 23:32:26.749, NVIDIA GeForce RTX 4060 Ti, 96 %, 5318 MiB, 8188 MiB, 60, 138.54 W
2026/09/23 23:32:31.757, NVIDIA GeForce RTX 4060 Ti, 90 %, 5318 MiB, 8188 MiB, 60, 138.48 W
2026/09/23 23:32:36.763, NVIDIA GeForce RTX 4060 Ti, 96 %, 5318 MiB, 8188 MiB, 60, 140.76 W
2026/09/23 23:32:41.772, NVIDIA GeForce RTX 4060 Ti, 96 %, 5318 MiB, 8188 MiB, 61, 141.83 W
2026/09/23 23:32:46.779, NVIDIA GeForce RTX 4060 Ti, 96 %, 5318 MiB, 8188 MiB, 60, 136.40 W
2026/09/23 23:32:51.785, NVIDIA GeForce RTX 4060 Ti, 97 %, 5318 MiB, 8188 MiB, 60, 141.51 W
2026/09/23 23:32:56.793, NVIDIA GeForce RTX 4060 Ti, 96 %, 5318 MiB, 8188 MiB, 60, 137.32 W
2026/09/23 23:33:01.799, NVIDIA GeForce RTX 4060 Ti, 96 %, 5318 MiB, 8188 MiB, 60, 138.67 W
2026/09/23 23:33:06.807, NVIDIA GeForce RTX 4060 Ti, 92 %, 5318 MiB, 8188 MiB, 56, 138.27 W
2026/09/23 23:33:11.814, NVIDIA GeForce RTX 4060 Ti, 95 %, 5318 MiB, 8188 MiB, 60, 138.00 W
2026/09/23 23:33:16.819, NVIDIA GeForce RTX 4060 Ti, 100 %, 5323 MiB, 8188 MiB, 60, 138.25 W
2026/09/23 23:33:21.826, NVIDIA GeForce RTX 4060 Ti, 100 %, 5323 MiB, 8188 MiB, 60, 137.75 W
2026/09/23 23:33:26.838, NVIDIA GeForce RTX 4060 Ti, 95 %, 5320 MiB, 8188 MiB, 58, 137.99 W
2026/09/23 23:33:31.845, NVIDIA GeForce RTX 4060 Ti, 95 %, 5319 MiB, 8188 MiB, 59, 131.54 W
2026/09/23 23:33:36.852, NVIDIA GeForce RTX 4060 Ti, 98 %, 5331 MiB, 8188 MiB, 58, 133.96 W
2026/09/23 23:33:41.858, NVIDIA GeForce RTX 4060 Ti, 96 %, 5325 MiB, 8188 MiB, 58, 131.34 W
2026/09/23 23:33:46.865, NVIDIA GeForce RTX 4060 Ti, 94 %, 5315 MiB, 8188 MiB, 58, 128.69 W
2026/09/23 23:33:51.872, NVIDIA GeForce RTX 4060 Ti, 100 %, 5315 MiB, 8188 MiB, 59, 130.22 W
2026/09/23 23:33:56.896, NVIDIA GeForce RTX 4060 Ti, 100 %, 5315 MiB, 8188 MiB, 58, 129.82 W
2026/09/23 23:34:01.904, NVIDIA GeForce RTX 4060 Ti, 95 %, 5315 MiB, 8188 MiB, 58, 129.92 W
2026/09/23 23:34:06.910, NVIDIA GeForce RTX 4060 Ti, 94 %, 5315 MiB, 8188 MiB, 58, 128.86 W
2026/09/23 23:34:11.916, NVIDIA GeForce RTX 4060 Ti, 94 %, 5315 MiB, 8188 MiB, 58, 128.61 W
2026/09/23 23:34:16.924, NVIDIA GeForce RTX 4060 Ti, 95 %, 5315 MiB, 8188 MiB, 59, 129.18 W
2026/09/23 23:34:21.933, NVIDIA GeForce RTX 4060 Ti, 95 %, 5315 MiB, 8188 MiB, 57, 129.19 W
2026/09/23 23:34:26.940, NVIDIA GeForce RTX 4060 Ti, 94 %, 5315 MiB, 8188 MiB, 58, 129.43 W
2026/09/23 23:34:31.947, NVIDIA GeForce RTX 4060 Ti, 95 %, 5315 MiB, 8188 MiB, 59, 128.29 W
2026/09/23 23:34:36.954, NVIDIA GeForce RTX 4060 Ti, 95 %, 5316 MiB, 8188 MiB, 58, 128.01 W
2026/09/23 23:34:41.968, NVIDIA GeForce RTX 4060 Ti, 100 %, 5316 MiB, 8188 MiB, 58, 128.47 W
2026/09/23 23:34:46.975, NVIDIA GeForce RTX 4060 Ti, 94 %, 5315 MiB, 8188 MiB, 59, 129.61 W
2026/09/23 23:34:51.980, NVIDIA GeForce RTX 4060 Ti, 93 %, 5315 MiB, 8188 MiB, 58, 126.41 W
2026/09/23 23:34:56.987, NVIDIA GeForce RTX 4060 Ti, 100 %, 5315 MiB, 8188 MiB, 58, 129.70 W
2026/09/23 23:35:01.994, NVIDIA GeForce RTX 4060 Ti, 100 %, 5315 MiB, 8188 MiB, 58, 124.99 W
2026/09/23 23:35:07.001, NVIDIA GeForce RTX 4060 Ti, 94 %, 5315 MiB, 8188 MiB, 57, 130.30 W
2026/09/23 23:35:12.007, NVIDIA GeForce RTX 4060 Ti, 100 %, 5315 MiB, 8188 MiB, 57, 130.21 W
2026/09/23 23:35:17.014, NVIDIA GeForce RTX 4060 Ti, 100 %, 5315 MiB, 8188 MiB, 57, 127.85 W
2026/09/23 23:35:22.021, NVIDIA GeForce RTX 4060 Ti, 100 %, 5315 MiB, 8188 MiB, 57, 126.46 W
2026/09/23 23:35:27.028, NVIDIA GeForce RTX 4060 Ti, 100 %, 5315 MiB, 8188 MiB, 58, 124.85 W
2026/09/23 23:35:32.034, NVIDIA GeForce RTX 4060 Ti, 93 %, 5315 MiB, 8188 MiB, 57, 124.72 W
2026/09/23 23:35:37.040, NVIDIA GeForce RTX 4060 Ti, 93 %, 5315 MiB, 8188 MiB, 57, 124.11 W
2026/09/23 23:35:42.046, NVIDIA GeForce RTX 4060 Ti, 100 %, 5315 MiB, 8188 MiB, 59, 130.82 W
2026/09/23 23:35:47.052, NVIDIA GeForce RTX 4060 Ti, 100 %, 5315 MiB, 8188 MiB, 57, 132.41 W
2026/09/23 23:35:52.059, NVIDIA GeForce RTX 4060 Ti, 100 %, 5315 MiB, 8188 MiB, 58, 125.32 W
2026/09/23 23:35:57.065, NVIDIA GeForce RTX 4060 Ti, 100 %, 5315 MiB, 8188 MiB, 58, 126.47 W
2026/09/23 23:36:02.071, NVIDIA GeForce RTX 4060 Ti, 100 %, 6839 MiB, 8188 MiB, 59, 128.99 W
2026/09/23 23:36:07.077, NVIDIA GeForce RTX 4060 Ti, 100 %, 6839 MiB, 8188 MiB, 60, 130.75 W
2026/09/23 23:36:12.084, NVIDIA GeForce RTX 4060 Ti, 100 %, 6839 MiB, 8188 MiB, 59, 131.64 W
2026/09/23 23:36:17.090, NVIDIA GeForce RTX 4060 Ti, 2 %, 5265 MiB, 8188 MiB, 42, 23.50 W
2026/09/23 23:36:22.097, NVIDIA GeForce RTX 4060 Ti, 8 %, 5265 MiB, 8188 MiB, 40, 8.59 W
2026/09/23 23:36:27.103, NVIDIA GeForce RTX 4060 Ti, 38 %, 5275 MiB, 8188 MiB, 39, 7.96 W
2026/09/23 23:36:32.120, NVIDIA GeForce RTX 4060 Ti, 34 %, 5275 MiB, 8188 MiB, 39, 11.30 W
2026/09/23 23:36:37.133, NVIDIA GeForce RTX 4060 Ti, 39 %, 5275 MiB, 8188 MiB, 39, 12.03 W
2026/09/23 23:36:42.139, NVIDIA GeForce RTX 4060 Ti, 34 %, 5276 MiB, 8188 MiB, 39, 11.58 W
2026/09/23 23:36:47.146, NVIDIA GeForce RTX 4060 Ti, 35 %, 5276 MiB, 8188 MiB, 39, 11.57 W
2026/09/23 23:36:52.154, NVIDIA GeForce RTX 4060 Ti, 33 %, 5276 MiB, 8188 MiB, 39, 9.42 W
2026/09/23 23:36:57.165, NVIDIA GeForce RTX 4060 Ti, 37 %, 5276 MiB, 8188 MiB, 39, 11.40 W
2026/09/23 23:37:02.179, NVIDIA GeForce RTX 4060 Ti, 35 %, 5276 MiB, 8188 MiB, 39, 8.97 W
2026/09/23 23:37:07.189, NVIDIA GeForce RTX 4060 Ti, 33 %, 5275 MiB, 8188 MiB, 39, 10.21 W
2026/09/23 23:37:12.208, NVIDIA GeForce RTX 4060 Ti, 35 %, 5275 MiB, 8188 MiB, 39, 9.31 W
2026/09/23 23:37:17.217, NVIDIA GeForce RTX 4060 Ti, 43 %, 5275 MiB, 8188 MiB, 39, 9.46 W
2026/09/23 23:37:22.232, NVIDIA GeForce RTX 4060 Ti, 37 %, 5275 MiB, 8188 MiB, 39, 9.03 W
2026/09/23 23:37:27.238, NVIDIA GeForce RTX 4060 Ti, 37 %, 5275 MiB, 8188 MiB, 39, 11.27 W
2026/09/23 23:37:32.244, NVIDIA GeForce RTX 4060 Ti, 24 %, 5275 MiB, 8188 MiB, 38, 12.05 W
2026/09/23 23:37:37.250, NVIDIA GeForce RTX 4060 Ti, 7 %, 5275 MiB, 8188 MiB, 38, 6.02 W
2026/09/23 23:37:42.258, NVIDIA GeForce RTX 4060 Ti, 35 %, 5275 MiB, 8188 MiB, 38, 9.01 W
2026/09/23 23:37:47.264, NVIDIA GeForce RTX 4060 Ti, 27 %, 5275 MiB, 8188 MiB, 38, 12.78 W
2026/09/23 23:37:52.281, NVIDIA GeForce RTX 4060 Ti, 34 %, 5275 MiB, 8188 MiB, 38, 9.09 W
2026/09/23 23:37:57.288, NVIDIA GeForce RTX 4060 Ti, 42 %, 5275 MiB, 8188 MiB, 38, 10.90 W
2026/09/23 23:38:02.293, NVIDIA GeForce RTX 4060 Ti, 30 %, 5275 MiB, 8188 MiB, 38, 11.46 W
2026/09/23 23:38:07.301, NVIDIA GeForce RTX 4060 Ti, 37 %, 5275 MiB, 8188 MiB, 38, 9.90 W
2026/09/23 23:38:12.307, NVIDIA GeForce RTX 4060 Ti, 12 %, 5275 MiB, 8188 MiB, 37, 6.11 W
2026/09/23 23:38:17.314, NVIDIA GeForce RTX 4060 Ti, 34 %, 5280 MiB, 8188 MiB, 38, 9.68 W
2026/09/23 23:38:22.320, NVIDIA GeForce RTX 4060 Ti, 33 %, 5280 MiB, 8188 MiB, 37, 9.21 W
2026/09/23 23:38:27.325, NVIDIA GeForce RTX 4060 Ti, 41 %, 5276 MiB, 8188 MiB, 37, 12.22 W
2026/09/23 23:38:32.333, NVIDIA GeForce RTX 4060 Ti, 38 %, 5276 MiB, 8188 MiB, 37, 10.30 W
2026/09/23 23:38:37.340, NVIDIA GeForce RTX 4060 Ti, 37 %, 5275 MiB, 8188 MiB, 37, 9.11 W
2026/09/23 23:38:42.347, NVIDIA GeForce RTX 4060 Ti, 36 %, 5275 MiB, 8188 MiB, 37, 9.08 W
2026/09/23 23:38:47.352, NVIDIA GeForce RTX 4060 Ti, 11 %, 5275 MiB, 8188 MiB, 37, 6.47 W
2026/09/23 23:38:52.360, NVIDIA GeForce RTX 4060 Ti, 57 %, 5275 MiB, 8188 MiB, 37, 6.97 W
2026/09/23 23:38:57.366, NVIDIA GeForce RTX 4060 Ti, 35 %, 5275 MiB, 8188 MiB, 37, 12.95 W
2026/09/23 23:39:02.373, NVIDIA GeForce RTX 4060 Ti, 36 %, 5275 MiB, 8188 MiB, 37, 10.03 W
2026/09/23 23:39:07.379, NVIDIA GeForce RTX 4060 Ti, 37 %, 5275 MiB, 8188 MiB, 37, 10.14 W
2026/09/23 23:39:12.386, NVIDIA GeForce RTX 4060 Ti, 34 %, 5275 MiB, 8188 MiB, 37, 9.51 W
2026/09/23 23:39:17.393, NVIDIA GeForce RTX 4060 Ti, 34 %, 5275 MiB, 8188 MiB, 37, 10.03 W
2026/09/23 23:39:22.403, NVIDIA GeForce RTX 4060 Ti, 34 %, 5275 MiB, 8188 MiB, 37, 10.15 W
2026/09/23 23:39:27.410, NVIDIA GeForce RTX 4060 Ti, 9 %, 5275 MiB, 8188 MiB, 36, 6.17 W
2026/09/23 23:39:32.418, NVIDIA GeForce RTX 4060 Ti, 45 %, 5275 MiB, 8188 MiB, 37, 10.31 W
2026/09/23 23:39:37.424, NVIDIA GeForce RTX 4060 Ti, 38 %, 5275 MiB, 8188 MiB, 37, 11.04 W
2026/09/23 23:39:42.430, NVIDIA GeForce RTX 4060 Ti, 32 %, 5275 MiB, 8188 MiB, 37, 10.98 W
2026/09/23 23:39:47.436, NVIDIA GeForce RTX 4060 Ti, 36 %, 5275 MiB, 8188 MiB, 36, 10.85 W
2026/09/23 23:39:52.441, NVIDIA GeForce RTX 4060 Ti, 35 %, 5275 MiB, 8188 MiB, 36, 10.83 W
2026/09/23 23:39:57.446, NVIDIA GeForce RTX 4060 Ti, 37 %, 5275 MiB, 8188 MiB, 36, 10.19 W
2026/09/23 23:40:02.453, NVIDIA GeForce RTX 4060 Ti, 35 %, 5275 MiB, 8188 MiB, 36, 9.17 W
2026/09/23 23:40:07.458, NVIDIA GeForce RTX 4060 Ti, 31 %, 5275 MiB, 8188 MiB, 36, 11.55 W
2026/09/23 23:40:12.463, NVIDIA GeForce RTX 4060 Ti, 32 %, 5275 MiB, 8188 MiB, 36, 12.46 W
2026/09/23 23:40:17.467, NVIDIA GeForce RTX 4060 Ti, 32 %, 5275 MiB, 8188 MiB, 36, 11.38 W
2026/09/23 23:40:22.474, NVIDIA GeForce RTX 4060 Ti, 40 %, 5275 MiB, 8188 MiB, 36, 11.28 W
2026/09/23 23:40:27.479, NVIDIA GeForce RTX 4060 Ti, 36 %, 5275 MiB, 8188 MiB, 36, 12.19 W
2026/09/23 23:40:32.485, NVIDIA GeForce RTX 4060 Ti, 4 %, 5275 MiB, 8188 MiB, 36, 6.32 W
2026/09/23 23:40:37.492, NVIDIA GeForce RTX 4060 Ti, 34 %, 5275 MiB, 8188 MiB, 36, 8.89 W
2026/09/23 23:40:42.498, NVIDIA GeForce RTX 4060 Ti, 39 %, 5276 MiB, 8188 MiB, 36, 11.03 W
2026/09/23 23:40:47.505, NVIDIA GeForce RTX 4060 Ti, 29 %, 5276 MiB, 8188 MiB, 36, 11.84 W
2026/09/23 23:40:52.509, NVIDIA GeForce RTX 4060 Ti, 34 %, 5275 MiB, 8188 MiB, 36, 10.01 W
2026/09/23 23:40:57.515, NVIDIA GeForce RTX 4060 Ti, 27 %, 5275 MiB, 8188 MiB, 36, 11.90 W
2026/09/23 23:41:02.521, NVIDIA GeForce RTX 4060 Ti, 6 %, 5275 MiB, 8188 MiB, 36, 9.50 W
2026/09/23 23:41:07.527, NVIDIA GeForce RTX 4060 Ti, 2 %, 5275 MiB, 8188 MiB, 35, 8.14 W
2026/09/23 23:41:12.545, NVIDIA GeForce RTX 4060 Ti, 34 %, 5279 MiB, 8188 MiB, 36, 12.74 W
2026/09/23 23:41:17.552, NVIDIA GeForce RTX 4060 Ti, 35 %, 5279 MiB, 8188 MiB, 36, 9.30 W
2026/09/23 23:41:22.561, NVIDIA GeForce RTX 4060 Ti, 30 %, 5279 MiB, 8188 MiB, 36, 11.47 W
2026/09/23 23:41:27.569, NVIDIA GeForce RTX 4060 Ti, 32 %, 5279 MiB, 8188 MiB, 35, 11.27 W
2026/09/23 23:41:32.576, NVIDIA GeForce RTX 4060 Ti, 35 %, 5279 MiB, 8188 MiB, 35, 8.90 W
2026/09/23 23:41:37.584, NVIDIA GeForce RTX 4060 Ti, 30 %, 5279 MiB, 8188 MiB, 35, 9.09 W
2026/09/23 23:41:42.592, NVIDIA GeForce RTX 4060 Ti, 36 %, 5279 MiB, 8188 MiB, 35, 9.16 W
2026/09/23 23:41:47.598, NVIDIA GeForce RTX 4060 Ti, 47 %, 5279 MiB, 8188 MiB, 35, 9.05 W
2026/09/23 23:41:52.605, NVIDIA GeForce RTX 4060 Ti, 6 %, 5280 MiB, 8188 MiB, 35, 6.28 W
2026/09/23 23:41:57.612, NVIDIA GeForce RTX 4060 Ti, 41 %, 5280 MiB, 8188 MiB, 35, 11.29 W
2026/09/23 23:42:02.618, NVIDIA GeForce RTX 4060 Ti, 26 %, 5280 MiB, 8188 MiB, 35, 10.60 W
2026/09/23 23:42:07.628, NVIDIA GeForce RTX 4060 Ti, 28 %, 5280 MiB, 8188 MiB, 35, 10.68 W
2026/09/23 23:42:12.634, NVIDIA GeForce RTX 4060 Ti, 42 %, 5280 MiB, 8188 MiB, 35, 10.65 W
2026/09/23 23:42:17.642, NVIDIA GeForce RTX 4060 Ti, 40 %, 5280 MiB, 8188 MiB, 35, 9.98 W
2026/09/23 23:42:22.650, NVIDIA GeForce RTX 4060 Ti, 38 %, 5279 MiB, 8188 MiB, 35, 9.72 W
2026/09/23 23:42:27.655, NVIDIA GeForce RTX 4060 Ti, 40 %, 5279 MiB, 8188 MiB, 35, 11.23 W
2026/09/23 23:42:32.660, NVIDIA GeForce RTX 4060 Ti, 11 %, 5279 MiB, 8188 MiB, 35, 6.44 W
2026/09/23 23:42:37.669, NVIDIA GeForce RTX 4060 Ti, 32 %, 5281 MiB, 8188 MiB, 35, 9.83 W
2026/09/23 23:42:42.675, NVIDIA GeForce RTX 4060 Ti, 32 %, 5281 MiB, 8188 MiB, 35, 9.22 W
2026/09/23 23:42:47.682, NVIDIA GeForce RTX 4060 Ti, 29 %, 5281 MiB, 8188 MiB, 35, 9.28 W
2026/09/23 23:42:52.690, NVIDIA GeForce RTX 4060 Ti, 33 %, 5281 MiB, 8188 MiB, 35, 9.80 W
2026/09/23 23:42:57.696, NVIDIA GeForce RTX 4060 Ti, 38 %, 5281 MiB, 8188 MiB, 35, 10.32 W
2026/09/23 23:43:02.705, NVIDIA GeForce RTX 4060 Ti, 38 %, 5281 MiB, 8188 MiB, 35, 10.19 W
2026/09/23 23:43:07.715, NVIDIA GeForce RTX 4060 Ti, 28 %, 5281 MiB, 8188 MiB, 35, 10.04 W
2026/09/23 23:43:12.721, NVIDIA GeForce RTX 4060 Ti, 14 %, 5281 MiB, 8188 MiB, 34, 6.52 W
2026/09/23 23:43:17.729, NVIDIA GeForce RTX 4060 Ti, 31 %, 5283 MiB, 8188 MiB, 35, 12.73 W
2026/09/23 23:43:22.742, NVIDIA GeForce RTX 4060 Ti, 36 %, 5287 MiB, 8188 MiB, 35, 11.68 W
2026/09/23 23:43:27.748, NVIDIA GeForce RTX 4060 Ti, 39 %, 5285 MiB, 8188 MiB, 35, 14.06 W
2026/09/23 23:43:32.757, NVIDIA GeForce RTX 4060 Ti, 36 %, 5292 MiB, 8188 MiB, 35, 13.95 W
2026/09/23 23:43:37.764, NVIDIA GeForce RTX 4060 Ti, 34 %, 5284 MiB, 8188 MiB, 35, 11.49 W
2026/09/23 23:43:42.771, NVIDIA GeForce RTX 4060 Ti, 29 %, 5291 MiB, 8188 MiB, 35, 13.98 W
2026/09/23 23:43:47.779, NVIDIA GeForce RTX 4060 Ti, 37 %, 5290 MiB, 8188 MiB, 35, 13.90 W
2026/09/23 23:43:52.793, NVIDIA GeForce RTX 4060 Ti, 2 %, 5282 MiB, 8188 MiB, 34, 8.57 W
2026/09/23 23:43:57.800, NVIDIA GeForce RTX 4060 Ti, 0 %, 5282 MiB, 8188 MiB, 35, 21.00 W
2026/09/23 23:44:02.808, NVIDIA GeForce RTX 4060 Ti, 26 %, 5283 MiB, 8188 MiB, 35, 13.14 W
2026/09/23 23:44:07.815, NVIDIA GeForce RTX 4060 Ti, 34 %, 5283 MiB, 8188 MiB, 35, 9.94 W
2026/09/23 23:44:12.820, NVIDIA GeForce RTX 4060 Ti, 42 %, 5283 MiB, 8188 MiB, 35, 9.78 W
2026/09/23 23:44:17.827, NVIDIA GeForce RTX 4060 Ti, 32 %, 5283 MiB, 8188 MiB, 35, 11.79 W
2026/09/23 23:44:22.858, NVIDIA GeForce RTX 4060 Ti, 37 %, 5283 MiB, 8188 MiB, 35, 9.20 W
2026/09/23 23:44:27.865, NVIDIA GeForce RTX 4060 Ti, 32 %, 5283 MiB, 8188 MiB, 35, 10.37 W
2026/09/23 23:44:32.882, NVIDIA GeForce RTX 4060 Ti, 8 %, 5283 MiB, 8188 MiB, 34, 8.09 W
2026/09/23 23:44:37.890, NVIDIA GeForce RTX 4060 Ti, 44 %, 5283 MiB, 8188 MiB, 35, 11.60 W
2026/09/23 23:44:42.897, NVIDIA GeForce RTX 4060 Ti, 42 %, 5283 MiB, 8188 MiB, 35, 10.37 W
2026/09/23 23:44:47.903, NVIDIA GeForce RTX 4060 Ti, 35 %, 5283 MiB, 8188 MiB, 35, 10.21 W
2026/09/23 23:44:52.910, NVIDIA GeForce RTX 4060 Ti, 35 %, 5283 MiB, 8188 MiB, 35, 11.76 W
2026/09/23 23:44:57.918, NVIDIA GeForce RTX 4060 Ti, 35 %, 5283 MiB, 8188 MiB, 35, 9.66 W
2026/09/23 23:45:02.922, NVIDIA GeForce RTX 4060 Ti, 37 %, 5283 MiB, 8188 MiB, 35, 10.13 W
2026/09/23 23:45:07.930, NVIDIA GeForce RTX 4060 Ti, 16 %, 5283 MiB, 8188 MiB, 35, 12.63 W
2026/09/23 23:45:12.936, NVIDIA GeForce RTX 4060 Ti, 31 %, 5283 MiB, 8188 MiB, 35, 11.25 W
2026/09/23 23:45:17.941, NVIDIA GeForce RTX 4060 Ti, 41 %, 5283 MiB, 8188 MiB, 35, 12.54 W
2026/09/23 23:45:22.947, NVIDIA GeForce RTX 4060 Ti, 37 %, 5283 MiB, 8188 MiB, 35, 10.06 W
2026/09/23 23:45:27.954, NVIDIA GeForce RTX 4060 Ti, 32 %, 5283 MiB, 8188 MiB, 35, 11.67 W
2026/09/23 23:45:32.961, NVIDIA GeForce RTX 4060 Ti, 34 %, 5283 MiB, 8188 MiB, 35, 9.40 W
2026/09/23 23:45:37.968, NVIDIA GeForce RTX 4060 Ti, 29 %, 5283 MiB, 8188 MiB, 35, 11.77 W
2026/09/23 23:45:42.978, NVIDIA GeForce RTX 4060 Ti, 6 %, 5283 MiB, 8188 MiB, 34, 6.83 W
2026/09/23 23:45:47.985, NVIDIA GeForce RTX 4060 Ti, 34 %, 5283 MiB, 8188 MiB, 34, 9.24 W
2026/09/23 23:45:53.000, NVIDIA GeForce RTX 4060 Ti, 35 %, 5283 MiB, 8188 MiB, 34, 11.20 W
2026/09/23 23:45:58.008, NVIDIA GeForce RTX 4060 Ti, 36 %, 5283 MiB, 8188 MiB, 34, 10.36 W
2026/09/23 23:46:03.017, NVIDIA GeForce RTX 4060 Ti, 36 %, 5283 MiB, 8188 MiB, 34, 9.20 W
2026/09/23 23:46:08.023, NVIDIA GeForce RTX 4060 Ti, 40 %, 5283 MiB, 8188 MiB, 35, 11.84 W
2026/09/23 23:46:13.029, NVIDIA GeForce RTX 4060 Ti, 41 %, 5283 MiB, 8188 MiB, 34, 9.07 W
2026/09/23 23:46:18.047, NVIDIA GeForce RTX 4060 Ti, 5 %, 5283 MiB, 8188 MiB, 34, 6.94 W
2026/09/23 23:46:23.054, NVIDIA GeForce RTX 4060 Ti, 8 %, 5283 MiB, 8188 MiB, 34, 6.37 W
2026/09/23 23:46:28.062, NVIDIA GeForce RTX 4060 Ti, 33 %, 5283 MiB, 8188 MiB, 34, 10.27 W
2026/09/23 23:46:33.069, NVIDIA GeForce RTX 4060 Ti, 30 %, 5283 MiB, 8188 MiB, 34, 11.48 W
2026/09/23 23:46:38.075, NVIDIA GeForce RTX 4060 Ti, 37 %, 5283 MiB, 8188 MiB, 34, 11.12 W
2026/09/23 23:46:43.081, NVIDIA GeForce RTX 4060 Ti, 37 %, 5283 MiB, 8188 MiB, 34, 12.27 W
2026/09/23 23:46:48.090, NVIDIA GeForce RTX 4060 Ti, 36 %, 5283 MiB, 8188 MiB, 34, 10.80 W
2026/09/23 23:46:53.096, NVIDIA GeForce RTX 4060 Ti, 32 %, 5283 MiB, 8188 MiB, 34, 9.08 W
2026/09/23 23:46:58.103, NVIDIA GeForce RTX 4060 Ti, 11 %, 5283 MiB, 8188 MiB, 34, 7.57 W
2026/09/23 23:47:03.110, NVIDIA GeForce RTX 4060 Ti, 36 %, 5283 MiB, 8188 MiB, 34, 12.25 W
2026/09/23 23:47:08.117, NVIDIA GeForce RTX 4060 Ti, 32 %, 5283 MiB, 8188 MiB, 34, 12.61 W
2026/09/23 23:47:13.123, NVIDIA GeForce RTX 4060 Ti, 37 %, 5283 MiB, 8188 MiB, 34, 13.09 W
2026/09/23 23:47:18.129, NVIDIA GeForce RTX 4060 Ti, 38 %, 5283 MiB, 8188 MiB, 34, 12.22 W
2026/09/23 23:47:23.134, NVIDIA GeForce RTX 4060 Ti, 28 %, 5283 MiB, 8188 MiB, 34, 12.91 W
2026/09/23 23:47:28.141, NVIDIA GeForce RTX 4060 Ti, 4 %, 5282 MiB, 8188 MiB, 34, 6.64 W
2026/09/23 23:47:33.151, NVIDIA GeForce RTX 4060 Ti, 33 %, 5283 MiB, 8188 MiB, 34, 12.83 W
2026/09/23 23:47:38.158, NVIDIA GeForce RTX 4060 Ti, 31 %, 5283 MiB, 8188 MiB, 34, 12.65 W
2026/09/23 23:47:43.166, NVIDIA GeForce RTX 4060 Ti, 37 %, 5283 MiB, 8188 MiB, 34, 13.06 W
2026/09/23 23:47:48.174, NVIDIA GeForce RTX 4060 Ti, 33 %, 5283 MiB, 8188 MiB, 34, 12.99 W
2026/09/23 23:47:53.180, NVIDIA GeForce RTX 4060 Ti, 36 %, 5283 MiB, 8188 MiB, 34, 13.11 W
2026/09/23 23:47:58.187, NVIDIA GeForce RTX 4060 Ti, 8 %, 5283 MiB, 8188 MiB, 34, 6.17 W
2026/09/23 23:48:03.194, NVIDIA GeForce RTX 4060 Ti, 36 %, 5283 MiB, 8188 MiB, 34, 10.04 W
2026/09/23 23:48:08.205, NVIDIA GeForce RTX 4060 Ti, 31 %, 5283 MiB, 8188 MiB, 34, 11.74 W
2026/09/23 23:48:13.212, NVIDIA GeForce RTX 4060 Ti, 36 %, 5283 MiB, 8188 MiB, 34, 12.34 W
2026/09/23 23:48:18.222, NVIDIA GeForce RTX 4060 Ti, 37 %, 5288 MiB, 8188 MiB, 34, 10.65 W
2026/09/23 23:48:23.250, NVIDIA GeForce RTX 4060 Ti, 37 %, 5288 MiB, 8188 MiB, 34, 9.93 W
2026/09/23 23:48:28.260, NVIDIA GeForce RTX 4060 Ti, 9 %, 5283 MiB, 8188 MiB, 34, 7.47 W
2026/09/23 23:48:33.267, NVIDIA GeForce RTX 4060 Ti, 8 %, 5283 MiB, 8188 MiB, 34, 6.72 W
2026/09/23 23:48:38.274, NVIDIA GeForce RTX 4060 Ti, 41 %, 5283 MiB, 8188 MiB, 34, 9.23 W
2026/09/23 23:48:43.284, NVIDIA GeForce RTX 4060 Ti, 33 %, 5283 MiB, 8188 MiB, 34, 12.20 W
2026/09/23 23:48:48.291, NVIDIA GeForce RTX 4060 Ti, 29 %, 5283 MiB, 8188 MiB, 34, 12.56 W
2026/09/23 23:48:53.298, NVIDIA GeForce RTX 4060 Ti, 41 %, 5283 MiB, 8188 MiB, 34, 9.29 W
2026/09/23 23:48:58.304, NVIDIA GeForce RTX 4060 Ti, 36 %, 5283 MiB, 8188 MiB, 34, 10.45 W
2026/09/23 23:49:03.313, NVIDIA GeForce RTX 4060 Ti, 36 %, 5283 MiB, 8188 MiB, 34, 9.11 W
2026/09/23 23:49:08.321, NVIDIA GeForce RTX 4060 Ti, 38 %, 5283 MiB, 8188 MiB, 34, 9.20 W
2026/09/23 23:49:13.329, NVIDIA GeForce RTX 4060 Ti, 5 %, 5283 MiB, 8188 MiB, 34, 10.08 W
2026/09/23 23:49:18.337, NVIDIA GeForce RTX 4060 Ti, 41 %, 5283 MiB, 8188 MiB, 34, 9.06 W
2026/09/23 23:49:23.344, NVIDIA GeForce RTX 4060 Ti, 37 %, 5283 MiB, 8188 MiB, 34, 9.92 W
2026/09/23 23:49:28.351, NVIDIA GeForce RTX 4060 Ti, 29 %, 5283 MiB, 8188 MiB, 34, 11.62 W
2026/09/23 23:49:33.356, NVIDIA GeForce RTX 4060 Ti, 39 %, 5283 MiB, 8188 MiB, 34, 9.13 W
2026/09/23 23:49:38.362, NVIDIA GeForce RTX 4060 Ti, 38 %, 5283 MiB, 8188 MiB, 34, 10.94 W
2026/09/23 23:49:43.376, NVIDIA GeForce RTX 4060 Ti, 36 %, 5283 MiB, 8188 MiB, 34, 9.20 W
2026/09/23 23:49:48.383, NVIDIA GeForce RTX 4060 Ti, 32 %, 5283 MiB, 8188 MiB, 34, 8.94 W
2026/09/23 23:49:53.390, NVIDIA GeForce RTX 4060 Ti, 33 %, 5283 MiB, 8188 MiB, 34, 9.10 W
2026/09/23 23:49:58.399, NVIDIA GeForce RTX 4060 Ti, 36 %, 5283 MiB, 8188 MiB, 34, 7.59 W
2026/09/23 23:50:03.420, NVIDIA GeForce RTX 4060 Ti, 35 %, 5283 MiB, 8188 MiB, 34, 10.03 W
2026/09/23 23:50:08.428, NVIDIA GeForce RTX 4060 Ti, 39 %, 5283 MiB, 8188 MiB, 34, 9.80 W
2026/09/23 23:50:13.440, NVIDIA GeForce RTX 4060 Ti, 34 %, 5283 MiB, 8188 MiB, 34, 9.36 W
2026/09/23 23:50:18.446, NVIDIA GeForce RTX 4060 Ti, 43 %, 5283 MiB, 8188 MiB, 34, 9.13 W
2026/09/23 23:50:23.454, NVIDIA GeForce RTX 4060 Ti, 37 %, 5283 MiB, 8188 MiB, 34, 10.09 W
2026/09/23 23:50:28.461, NVIDIA GeForce RTX 4060 Ti, 34 %, 5283 MiB, 8188 MiB, 34, 11.55 W
2026/09/23 23:50:33.466, NVIDIA GeForce RTX 4060 Ti, 36 %, 5283 MiB, 8188 MiB, 34, 10.53 W
2026/09/23 23:50:38.472, NVIDIA GeForce RTX 4060 Ti, 50 %, 5283 MiB, 8188 MiB, 34, 8.26 W
2026/09/23 23:50:43.479, NVIDIA GeForce RTX 4060 Ti, 38 %, 5283 MiB, 8188 MiB, 34, 14.11 W
2026/09/23 23:50:48.485, NVIDIA GeForce RTX 4060 Ti, 39 %, 5283 MiB, 8188 MiB, 34, 12.31 W
2026/09/23 23:50:53.493, NVIDIA GeForce RTX 4060 Ti, 33 %, 5283 MiB, 8188 MiB, 34, 13.31 W
2026/09/23 23:50:58.500, NVIDIA GeForce RTX 4060 Ti, 34 %, 5283 MiB, 8188 MiB, 34, 13.49 W
2026/09/23 23:51:03.507, NVIDIA GeForce RTX 4060 Ti, 45 %, 5283 MiB, 8188 MiB, 34, 13.28 W
2026/09/23 23:51:08.513, NVIDIA GeForce RTX 4060 Ti, 28 %, 5283 MiB, 8188 MiB, 34, 12.89 W
2026/09/23 23:51:13.520, NVIDIA GeForce RTX 4060 Ti, 35 %, 5283 MiB, 8188 MiB, 34, 14.35 W
2026/09/23 23:51:18.528, NVIDIA GeForce RTX 4060 Ti, 4 %, 5283 MiB, 8188 MiB, 34, 6.28 W
2026/09/23 23:51:23.534, NVIDIA GeForce RTX 4060 Ti, 17 %, 5283 MiB, 8188 MiB, 34, 15.90 W
2026/09/23 23:51:28.548, NVIDIA GeForce RTX 4060 Ti, 31 %, 5283 MiB, 8188 MiB, 34, 11.68 W
2026/09/23 23:51:33.556, NVIDIA GeForce RTX 4060 Ti, 29 %, 5283 MiB, 8188 MiB, 34, 10.97 W
2026/09/23 23:51:38.561, NVIDIA GeForce RTX 4060 Ti, 33 %, 5283 MiB, 8188 MiB, 34, 12.94 W
2026/09/23 23:51:43.570, NVIDIA GeForce RTX 4060 Ti, 33 %, 5283 MiB, 8188 MiB, 34, 10.12 W
2026/09/23 23:51:48.578, NVIDIA GeForce RTX 4060 Ti, 33 %, 5283 MiB, 8188 MiB, 34, 9.28 W
2026/09/23 23:51:53.584, NVIDIA GeForce RTX 4060 Ti, 48 %, 5283 MiB, 8188 MiB, 34, 10.90 W
2026/09/23 23:51:58.588, NVIDIA GeForce RTX 4060 Ti, 30 %, 5283 MiB, 8188 MiB, 34, 10.71 W
2026/09/23 23:52:03.600, NVIDIA GeForce RTX 4060 Ti, 44 %, 5283 MiB, 8188 MiB, 34, 11.15 W
2026/09/23 23:52:08.608, NVIDIA GeForce RTX 4060 Ti, 43 %, 5283 MiB, 8188 MiB, 34, 10.39 W
2026/09/23 23:52:13.616, NVIDIA GeForce RTX 4060 Ti, 32 %, 5283 MiB, 8188 MiB, 34, 11.40 W
2026/09/23 23:52:18.624, NVIDIA GeForce RTX 4060 Ti, 39 %, 5283 MiB, 8188 MiB, 34, 10.00 W
2026/09/23 23:52:23.630, NVIDIA GeForce RTX 4060 Ti, 33 %, 5283 MiB, 8188 MiB, 34, 12.87 W
2026/09/23 23:52:28.640, NVIDIA GeForce RTX 4060 Ti, 5 %, 5283 MiB, 8188 MiB, 34, 8.56 W
2026/09/23 23:52:33.647, NVIDIA GeForce RTX 4060 Ti, 33 %, 5283 MiB, 8188 MiB, 34, 13.01 W
2026/09/23 23:52:38.659, NVIDIA GeForce RTX 4060 Ti, 31 %, 5283 MiB, 8188 MiB, 34, 12.88 W
2026/09/23 23:52:43.670, NVIDIA GeForce RTX 4060 Ti, 39 %, 5283 MiB, 8188 MiB, 34, 12.18 W
2026/09/23 23:52:48.677, NVIDIA GeForce RTX 4060 Ti, 28 %, 5283 MiB, 8188 MiB, 34, 11.66 W
2026/09/23 23:52:53.686, NVIDIA GeForce RTX 4060 Ti, 35 %, 5283 MiB, 8188 MiB, 34, 11.61 W
2026/09/23 23:52:58.692, NVIDIA GeForce RTX 4060 Ti, 35 %, 5283 MiB, 8188 MiB, 34, 9.96 W
2026/09/23 23:53:03.699, NVIDIA GeForce RTX 4060 Ti, 8 %, 5283 MiB, 8188 MiB, 34, 7.26 W
2026/09/23 23:53:08.707, NVIDIA GeForce RTX 4060 Ti, 35 %, 5283 MiB, 8188 MiB, 34, 11.48 W
2026/09/23 23:53:13.714, NVIDIA GeForce RTX 4060 Ti, 38 %, 5283 MiB, 8188 MiB, 34, 9.25 W
2026/09/23 23:53:18.722, NVIDIA GeForce RTX 4060 Ti, 26 %, 5288 MiB, 8188 MiB, 34, 11.12 W
2026/09/23 23:53:23.728, NVIDIA GeForce RTX 4060 Ti, 34 %, 5286 MiB, 8188 MiB, 34, 10.16 W
2026/09/23 23:53:28.736, NVIDIA GeForce RTX 4060 Ti, 40 %, 5285 MiB, 8188 MiB, 34, 11.03 W
2026/09/23 23:53:33.744, NVIDIA GeForce RTX 4060 Ti, 34 %, 5284 MiB, 8188 MiB, 34, 10.34 W
2026/09/23 23:53:38.749, NVIDIA GeForce RTX 4060 Ti, 6 %, 5284 MiB, 8188 MiB, 34, 6.94 W
2026/09/23 23:53:43.756, NVIDIA GeForce RTX 4060 Ti, 4 %, 5282 MiB, 8188 MiB, 34, 6.38 W
2026/09/23 23:53:48.764, NVIDIA GeForce RTX 4060 Ti, 34 %, 5283 MiB, 8188 MiB, 34, 13.29 W
2026/09/23 23:53:53.772, NVIDIA GeForce RTX 4060 Ti, 31 %, 5283 MiB, 8188 MiB, 34, 13.18 W
2026/09/23 23:53:58.780, NVIDIA GeForce RTX 4060 Ti, 37 %, 5283 MiB, 8188 MiB, 34, 13.36 W
2026/09/23 23:54:03.787, NVIDIA GeForce RTX 4060 Ti, 37 %, 5283 MiB, 8188 MiB, 34, 13.35 W
2026/09/23 23:54:08.792, NVIDIA GeForce RTX 4060 Ti, 45 %, 5283 MiB, 8188 MiB, 34, 11.20 W
2026/09/23 23:54:13.799, NVIDIA GeForce RTX 4060 Ti, 47 %, 5283 MiB, 8188 MiB, 34, 8.32 W
2026/09/23 23:54:18.805, NVIDIA GeForce RTX 4060 Ti, 35 %, 5283 MiB, 8188 MiB, 34, 13.35 W
2026/09/23 23:54:23.812, NVIDIA GeForce RTX 4060 Ti, 37 %, 5283 MiB, 8188 MiB, 34, 12.58 W
2026/09/23 23:54:28.817, NVIDIA GeForce RTX 4060 Ti, 38 %, 5283 MiB, 8188 MiB, 34, 12.20 W
2026/09/23 23:54:33.827, NVIDIA GeForce RTX 4060 Ti, 33 %, 5282 MiB, 8188 MiB, 34, 13.16 W
2026/09/23 23:54:38.835, NVIDIA GeForce RTX 4060 Ti, 34 %, 5283 MiB, 8188 MiB, 34, 9.23 W
2026/09/23 23:54:43.841, NVIDIA GeForce RTX 4060 Ti, 46 %, 5283 MiB, 8188 MiB, 34, 7.84 W
2026/09/23 23:54:48.848, NVIDIA GeForce RTX 4060 Ti, 35 %, 5283 MiB, 8188 MiB, 34, 13.23 W
2026/09/23 23:54:53.854, NVIDIA GeForce RTX 4060 Ti, 27 %, 5283 MiB, 8188 MiB, 34, 12.17 W
2026/09/23 23:54:58.860, NVIDIA GeForce RTX 4060 Ti, 32 %, 5283 MiB, 8188 MiB, 34, 12.46 W
2026/09/23 23:55:03.870, NVIDIA GeForce RTX 4060 Ti, 34 %, 5283 MiB, 8188 MiB, 34, 12.46 W
2026/09/23 23:55:08.876, NVIDIA GeForce RTX 4060 Ti, 38 %, 5283 MiB, 8188 MiB, 34, 11.65 W
2026/09/23 23:55:13.884, NVIDIA GeForce RTX 4060 Ti, 42 %, 5283 MiB, 8188 MiB, 34, 7.39 W
2026/09/23 23:55:18.891, NVIDIA GeForce RTX 4060 Ti, 34 %, 5283 MiB, 8188 MiB, 34, 8.78 W
2026/09/23 23:55:23.896, NVIDIA GeForce RTX 4060 Ti, 27 %, 5283 MiB, 8188 MiB, 34, 8.79 W
2026/09/23 23:55:28.901, NVIDIA GeForce RTX 4060 Ti, 28 %, 5283 MiB, 8188 MiB, 34, 8.84 W
2026/09/23 23:55:33.906, NVIDIA GeForce RTX 4060 Ti, 32 %, 5282 MiB, 8188 MiB, 34, 8.91 W
2026/09/23 23:55:38.913, NVIDIA GeForce RTX 4060 Ti, 29 %, 5283 MiB, 8188 MiB, 34, 11.22 W
2026/09/23 23:55:43.919, NVIDIA GeForce RTX 4060 Ti, 32 %, 5283 MiB, 8188 MiB, 34, 8.73 W
2026/09/23 23:55:48.927, NVIDIA GeForce RTX 4060 Ti, 33 %, 5283 MiB, 8188 MiB, 34, 11.85 W
2026/09/23 23:55:53.938, NVIDIA GeForce RTX 4060 Ti, 5 %, 5282 MiB, 8188 MiB, 34, 7.86 W
2026/09/23 23:55:58.946, NVIDIA GeForce RTX 4060 Ti, 34 %, 5282 MiB, 8188 MiB, 34, 9.10 W
2026/09/23 23:56:03.954, NVIDIA GeForce RTX 4060 Ti, 39 %, 5283 MiB, 8188 MiB, 34, 10.06 W
2026/09/23 23:56:08.964, NVIDIA GeForce RTX 4060 Ti, 37 %, 5283 MiB, 8188 MiB, 34, 10.66 W
2026/09/23 23:56:13.976, NVIDIA GeForce RTX 4060 Ti, 27 %, 5283 MiB, 8188 MiB, 34, 12.07 W
2026/09/23 23:56:18.984, NVIDIA GeForce RTX 4060 Ti, 43 %, 5283 MiB, 8188 MiB, 34, 11.35 W
2026/09/23 23:56:23.990, NVIDIA GeForce RTX 4060 Ti, 33 %, 5282 MiB, 8188 MiB, 34, 11.99 W
2026/09/23 23:56:28.999, NVIDIA GeForce RTX 4060 Ti, 36 %, 5283 MiB, 8188 MiB, 34, 9.85 W
2026/09/23 23:56:34.007, NVIDIA GeForce RTX 4060 Ti, 7 %, 5283 MiB, 8188 MiB, 34, 6.34 W
2026/09/23 23:56:39.013, NVIDIA GeForce RTX 4060 Ti, 40 %, 5283 MiB, 8188 MiB, 34, 9.32 W
2026/09/23 23:56:44.029, NVIDIA GeForce RTX 4060 Ti, 36 %, 5283 MiB, 8188 MiB, 34, 9.53 W
2026/09/23 23:56:49.036, NVIDIA GeForce RTX 4060 Ti, 36 %, 5283 MiB, 8188 MiB, 34, 9.27 W
2026/09/23 23:56:54.042, NVIDIA GeForce RTX 4060 Ti, 33 %, 5283 MiB, 8188 MiB, 34, 11.91 W
2026/09/23 23:56:59.049, NVIDIA GeForce RTX 4060 Ti, 38 %, 5283 MiB, 8188 MiB, 34, 9.02 W
2026/09/23 23:57:04.054, NVIDIA GeForce RTX 4060 Ti, 34 %, 5283 MiB, 8188 MiB, 34, 9.15 W
2026/09/23 23:57:09.060, NVIDIA GeForce RTX 4060 Ti, 32 %, 5283 MiB, 8188 MiB, 34, 9.19 W
2026/09/23 23:57:14.067, NVIDIA GeForce RTX 4060 Ti, 29 %, 5283 MiB, 8188 MiB, 34, 12.57 W
2026/09/23 23:57:19.074, NVIDIA GeForce RTX 4060 Ti, 45 %, 5283 MiB, 8188 MiB, 33, 7.38 W
2026/09/23 23:57:24.083, NVIDIA GeForce RTX 4060 Ti, 28 %, 5283 MiB, 8188 MiB, 34, 11.68 W
2026/09/23 23:57:29.092, NVIDIA GeForce RTX 4060 Ti, 36 %, 5283 MiB, 8188 MiB, 34, 9.58 W
2026/09/23 23:57:34.100, NVIDIA GeForce RTX 4060 Ti, 36 %, 5283 MiB, 8188 MiB, 34, 10.19 W
2026/09/23 23:57:39.108, NVIDIA GeForce RTX 4060 Ti, 35 %, 5283 MiB, 8188 MiB, 34, 9.12 W
2026/09/23 23:57:44.117, NVIDIA GeForce RTX 4060 Ti, 36 %, 5283 MiB, 8188 MiB, 34, 10.87 W
2026/09/23 23:57:49.125, NVIDIA GeForce RTX 4060 Ti, 35 %, 5283 MiB, 8188 MiB, 34, 10.97 W
2026/09/23 23:57:54.134, NVIDIA GeForce RTX 4060 Ti, 34 %, 5283 MiB, 8188 MiB, 34, 8.90 W
2026/09/23 23:57:59.141, NVIDIA GeForce RTX 4060 Ti, 7 %, 5283 MiB, 8188 MiB, 33, 7.01 W
2026/09/23 23:58:04.148, NVIDIA GeForce RTX 4060 Ti, 40 %, 5283 MiB, 8188 MiB, 34, 10.35 W
2026/09/23 23:58:09.154, NVIDIA GeForce RTX 4060 Ti, 47 %, 5283 MiB, 8188 MiB, 34, 13.57 W
2026/09/23 23:58:14.162, NVIDIA GeForce RTX 4060 Ti, 41 %, 5283 MiB, 8188 MiB, 34, 12.22 W
2026/09/23 23:58:19.168, NVIDIA GeForce RTX 4060 Ti, 29 %, 5288 MiB, 8188 MiB, 34, 13.38 W
2026/09/23 23:58:24.177, NVIDIA GeForce RTX 4060 Ti, 33 %, 5286 MiB, 8188 MiB, 34, 14.35 W
2026/09/23 23:58:29.185, NVIDIA GeForce RTX 4060 Ti, 42 %, 5284 MiB, 8188 MiB, 34, 13.21 W
2026/09/23 23:58:34.195, NVIDIA GeForce RTX 4060 Ti, 37 %, 5284 MiB, 8188 MiB, 34, 12.81 W
2026/09/23 23:58:39.206, NVIDIA GeForce RTX 4060 Ti, 5 %, 5284 MiB, 8188 MiB, 34, 9.65 W
2026/09/23 23:58:44.214, NVIDIA GeForce RTX 4060 Ti, 3 %, 5283 MiB, 8188 MiB, 34, 24.50 W
2026/09/23 23:58:49.221, NVIDIA GeForce RTX 4060 Ti, 34 %, 5283 MiB, 8188 MiB, 34, 10.97 W
2026/09/23 23:58:54.227, NVIDIA GeForce RTX 4060 Ti, 32 %, 5283 MiB, 8188 MiB, 34, 13.05 W
2026/09/23 23:58:59.237, NVIDIA GeForce RTX 4060 Ti, 36 %, 5283 MiB, 8188 MiB, 34, 10.25 W
2026/09/23 23:59:04.245, NVIDIA GeForce RTX 4060 Ti, 34 %, 5283 MiB, 8188 MiB, 34, 11.64 W
2026/09/23 23:59:09.250, NVIDIA GeForce RTX 4060 Ti, 32 %, 5283 MiB, 8188 MiB, 34, 11.56 W
2026/09/23 23:59:14.257, NVIDIA GeForce RTX 4060 Ti, 35 %, 5283 MiB, 8188 MiB, 34, 9.45 W
2026/09/23 23:59:19.263, NVIDIA GeForce RTX 4060 Ti, 5 %, 5283 MiB, 8188 MiB, 34, 7.56 W
2026/09/23 23:59:24.270, NVIDIA GeForce RTX 4060 Ti, 34 %, 5283 MiB, 8188 MiB, 34, 12.97 W
2026/09/23 23:59:29.278, NVIDIA GeForce RTX 4060 Ti, 38 %, 5283 MiB, 8188 MiB, 34, 10.22 W
2026/09/23 23:59:34.285, NVIDIA GeForce RTX 4060 Ti, 40 %, 5283 MiB, 8188 MiB, 34, 11.25 W
2026/09/23 23:59:39.291, NVIDIA GeForce RTX 4060 Ti, 45 %, 5283 MiB, 8188 MiB, 34, 10.21 W
2026/09/23 23:59:44.297, NVIDIA GeForce RTX 4060 Ti, 41 %, 5283 MiB, 8188 MiB, 34, 9.76 W
2026/09/23 23:59:49.302, NVIDIA GeForce RTX 4060 Ti, 32 %, 5283 MiB, 8188 MiB, 34, 12.02 W
2026/09/23 23:59:54.314, NVIDIA GeForce RTX 4060 Ti, 10 %, 5283 MiB, 8188 MiB, 34, 6.36 W
2026/09/23 23:59:59.334, NVIDIA GeForce RTX 4060 Ti, 35 %, 5283 MiB, 8188 MiB, 34, 11.44 W
2026/09/24 00:00:04.342, NVIDIA GeForce RTX 4060 Ti, 29 %, 5284 MiB, 8188 MiB, 34, 11.25 W
2026/09/24 00:00:09.348, NVIDIA GeForce RTX 4060 Ti, 27 %, 5284 MiB, 8188 MiB, 34, 11.30 W
2026/09/24 00:00:14.356, NVIDIA GeForce RTX 4060 Ti, 31 %, 5284 MiB, 8188 MiB, 34, 11.70 W
2026/09/24 00:00:19.369, NVIDIA GeForce RTX 4060 Ti, 36 %, 5284 MiB, 8188 MiB, 34, 9.44 W
2026/09/24 00:00:24.376, NVIDIA GeForce RTX 4060 Ti, 31 %, 5284 MiB, 8188 MiB, 34, 11.79 W
2026/09/24 00:00:29.383, NVIDIA GeForce RTX 4060 Ti, 58 %, 5284 MiB, 8188 MiB, 34, 6.64 W
2026/09/24 00:00:34.391, NVIDIA GeForce RTX 4060 Ti, 33 %, 5284 MiB, 8188 MiB, 34, 9.80 W
2026/09/24 00:00:39.399, NVIDIA GeForce RTX 4060 Ti, 33 %, 5284 MiB, 8188 MiB, 34, 8.90 W
2026/09/24 00:00:44.404, NVIDIA GeForce RTX 4060 Ti, 39 %, 5284 MiB, 8188 MiB, 34, 8.89 W
2026/09/24 00:00:49.418, NVIDIA GeForce RTX 4060 Ti, 32 %, 5284 MiB, 8188 MiB, 34, 8.87 W
2026/09/24 00:00:54.424, NVIDIA GeForce RTX 4060 Ti, 33 %, 5284 MiB, 8188 MiB, 34, 10.02 W
2026/09/24 00:00:59.432, NVIDIA GeForce RTX 4060 Ti, 28 %, 5284 MiB, 8188 MiB, 34, 11.01 W
2026/09/24 00:01:04.440, NVIDIA GeForce RTX 4060 Ti, 4 %, 5284 MiB, 8188 MiB, 33, 7.24 W
2026/09/24 00:01:09.446, NVIDIA GeForce RTX 4060 Ti, 4 %, 5284 MiB, 8188 MiB, 33, 6.16 W
2026/09/24 00:01:14.456, NVIDIA GeForce RTX 4060 Ti, 35 %, 5284 MiB, 8188 MiB, 34, 11.54 W
2026/09/24 00:01:19.464, NVIDIA GeForce RTX 4060 Ti, 35 %, 5284 MiB, 8188 MiB, 34, 12.35 W
2026/09/24 00:01:24.470, NVIDIA GeForce RTX 4060 Ti, 33 %, 5284 MiB, 8188 MiB, 34, 13.04 W
2026/09/24 00:01:29.475, NVIDIA GeForce RTX 4060 Ti, 36 %, 5284 MiB, 8188 MiB, 34, 13.05 W
2026/09/24 00:01:34.481, NVIDIA GeForce RTX 4060 Ti, 38 %, 5284 MiB, 8188 MiB, 34, 12.94 W
2026/09/24 00:01:39.488, NVIDIA GeForce RTX 4060 Ti, 8 %, 5284 MiB, 8188 MiB, 33, 6.41 W
2026/09/24 00:01:44.495, NVIDIA GeForce RTX 4060 Ti, 36 %, 5284 MiB, 8188 MiB, 34, 12.88 W
2026/09/24 00:01:49.502, NVIDIA GeForce RTX 4060 Ti, 37 %, 5284 MiB, 8188 MiB, 34, 12.98 W
2026/09/24 00:01:54.508, NVIDIA GeForce RTX 4060 Ti, 35 %, 5284 MiB, 8188 MiB, 34, 12.95 W
2026/09/24 00:01:59.514, NVIDIA GeForce RTX 4060 Ti, 37 %, 5284 MiB, 8188 MiB, 34, 13.09 W
2026/09/24 00:02:04.521, NVIDIA GeForce RTX 4060 Ti, 32 %, 5284 MiB, 8188 MiB, 34, 11.99 W
2026/09/24 00:02:09.532, NVIDIA GeForce RTX 4060 Ti, 8 %, 5284 MiB, 8188 MiB, 33, 6.36 W
2026/09/24 00:02:14.539, NVIDIA GeForce RTX 4060 Ti, 34 %, 5284 MiB, 8188 MiB, 34, 13.07 W
2026/09/24 00:02:19.546, NVIDIA GeForce RTX 4060 Ti, 36 %, 5284 MiB, 8188 MiB, 34, 13.05 W
2026/09/24 00:02:24.551, NVIDIA GeForce RTX 4060 Ti, 36 %, 5284 MiB, 8188 MiB, 34, 13.19 W
2026/09/24 00:02:29.558, NVIDIA GeForce RTX 4060 Ti, 39 %, 5284 MiB, 8188 MiB, 34, 12.48 W
2026/09/24 00:02:34.564, NVIDIA GeForce RTX 4060 Ti, 35 %, 5284 MiB, 8188 MiB, 34, 12.89 W
2026/09/24 00:02:39.571, NVIDIA GeForce RTX 4060 Ti, 53 %, 5284 MiB, 8188 MiB, 33, 6.75 W
2026/09/24 00:02:44.586, NVIDIA GeForce RTX 4060 Ti, 31 %, 5284 MiB, 8188 MiB, 34, 11.92 W
2026/09/24 00:02:49.592, NVIDIA GeForce RTX 4060 Ti, 29 %, 5284 MiB, 8188 MiB, 34, 8.84 W
2026/09/24 00:02:54.598, NVIDIA GeForce RTX 4060 Ti, 32 %, 5284 MiB, 8188 MiB, 34, 10.44 W
2026/09/24 00:02:59.604, NVIDIA GeForce RTX 4060 Ti, 37 %, 5284 MiB, 8188 MiB, 34, 10.18 W
2026/09/24 00:03:04.611, NVIDIA GeForce RTX 4060 Ti, 35 %, 5284 MiB, 8188 MiB, 34, 9.52 W
2026/09/24 00:03:09.617, NVIDIA GeForce RTX 4060 Ti, 39 %, 5291 MiB, 8188 MiB, 34, 10.23 W
2026/09/24 00:03:14.623, NVIDIA GeForce RTX 4060 Ti, 7 %, 5290 MiB, 8188 MiB, 33, 6.54 W
2026/09/24 00:03:19.633, NVIDIA GeForce RTX 4060 Ti, 44 %, 5287 MiB, 8188 MiB, 34, 7.90 W
2026/09/24 00:03:24.642, NVIDIA GeForce RTX 4060 Ti, 37 %, 5285 MiB, 8188 MiB, 34, 9.19 W
2026/09/24 00:03:29.650, NVIDIA GeForce RTX 4060 Ti, 34 %, 5284 MiB, 8188 MiB, 34, 11.34 W
2026/09/24 00:03:34.658, NVIDIA GeForce RTX 4060 Ti, 46 %, 5283 MiB, 8188 MiB, 34, 11.01 W
2026/09/24 00:03:39.666, NVIDIA GeForce RTX 4060 Ti, 39 %, 5283 MiB, 8188 MiB, 34, 10.52 W
2026/09/24 00:03:44.677, NVIDIA GeForce RTX 4060 Ti, 33 %, 5283 MiB, 8188 MiB, 34, 9.19 W
2026/09/24 00:03:49.682, NVIDIA GeForce RTX 4060 Ti, 38 %, 5283 MiB, 8188 MiB, 34, 11.14 W
2026/09/24 00:03:54.688, NVIDIA GeForce RTX 4060 Ti, 51 %, 5283 MiB, 8188 MiB, 34, 10.14 W
2026/09/24 00:03:59.711, NVIDIA GeForce RTX 4060 Ti, 30 %, 5283 MiB, 8188 MiB, 34, 9.19 W
2026/09/24 00:04:04.721, NVIDIA GeForce RTX 4060 Ti, 39 %, 5283 MiB, 8188 MiB, 34, 11.62 W
2026/09/24 00:04:09.730, NVIDIA GeForce RTX 4060 Ti, 34 %, 5283 MiB, 8188 MiB, 34, 9.23 W
2026/09/24 00:04:14.738, NVIDIA GeForce RTX 4060 Ti, 48 %, 5283 MiB, 8188 MiB, 34, 9.57 W
2026/09/24 00:04:19.745, NVIDIA GeForce RTX 4060 Ti, 42 %, 5283 MiB, 8188 MiB, 34, 10.25 W
2026/09/24 00:04:24.750, NVIDIA GeForce RTX 4060 Ti, 37 %, 5283 MiB, 8188 MiB, 34, 10.25 W
2026/09/24 00:04:29.762, NVIDIA GeForce RTX 4060 Ti, 33 %, 5283 MiB, 8188 MiB, 34, 11.36 W
2026/09/24 00:04:34.768, NVIDIA GeForce RTX 4060 Ti, 34 %, 5283 MiB, 8188 MiB, 34, 11.30 W
2026/09/24 00:04:39.776, NVIDIA GeForce RTX 4060 Ti, 37 %, 5283 MiB, 8188 MiB, 34, 8.95 W
2026/09/24 00:04:44.782, NVIDIA GeForce RTX 4060 Ti, 35 %, 5283 MiB, 8188 MiB, 34, 11.11 W
2026/09/24 00:04:49.790, NVIDIA GeForce RTX 4060 Ti, 39 %, 5283 MiB, 8188 MiB, 34, 9.21 W
2026/09/24 00:04:54.798, NVIDIA GeForce RTX 4060 Ti, 33 %, 5283 MiB, 8188 MiB, 34, 11.21 W
2026/09/24 00:04:59.803, NVIDIA GeForce RTX 4060 Ti, 34 %, 5283 MiB, 8188 MiB, 34, 9.77 W
2026/09/24 00:05:04.810, NVIDIA GeForce RTX 4060 Ti, 37 %, 5283 MiB, 8188 MiB, 34, 10.03 W
2026/09/24 00:05:09.815, NVIDIA GeForce RTX 4060 Ti, 26 %, 5283 MiB, 8188 MiB, 34, 11.52 W
2026/09/24 00:05:14.822, NVIDIA GeForce RTX 4060 Ti, 46 %, 5283 MiB, 8188 MiB, 34, 9.39 W
2026/09/24 00:05:19.827, NVIDIA GeForce RTX 4060 Ti, 44 %, 5283 MiB, 8188 MiB, 34, 11.02 W
2026/09/24 00:05:24.839, NVIDIA GeForce RTX 4060 Ti, 33 %, 5283 MiB, 8188 MiB, 34, 12.30 W
2026/09/24 00:05:29.848, NVIDIA GeForce RTX 4060 Ti, 39 %, 5283 MiB, 8188 MiB, 34, 10.83 W
2026/09/24 00:05:34.855, NVIDIA GeForce RTX 4060 Ti, 36 %, 5283 MiB, 8188 MiB, 34, 10.75 W
2026/09/24 00:05:39.865, NVIDIA GeForce RTX 4060 Ti, 29 %, 5284 MiB, 8188 MiB, 34, 13.28 W
2026/09/24 00:05:44.872, NVIDIA GeForce RTX 4060 Ti, 31 %, 5284 MiB, 8188 MiB, 34, 13.30 W
2026/09/24 00:05:49.878, NVIDIA GeForce RTX 4060 Ti, 37 %, 5284 MiB, 8188 MiB, 34, 10.75 W
2026/09/24 00:05:54.884, NVIDIA GeForce RTX 4060 Ti, 43 %, 5284 MiB, 8188 MiB, 34, 10.83 W
2026/09/24 00:05:59.895, NVIDIA GeForce RTX 4060 Ti, 32 %, 5284 MiB, 8188 MiB, 34, 13.12 W
2026/09/24 00:06:04.907, NVIDIA GeForce RTX 4060 Ti, 99 %, 5284 MiB, 8188 MiB, 34, 8.20 W
2026/09/24 00:06:09.921, NVIDIA GeForce RTX 4060 Ti, 36 %, 5284 MiB, 8188 MiB, 34, 9.20 W
2026/09/24 00:06:14.930, NVIDIA GeForce RTX 4060 Ti, 31 %, 5284 MiB, 8188 MiB, 34, 11.39 W
2026/09/24 00:06:19.934, NVIDIA GeForce RTX 4060 Ti, 34 %, 5284 MiB, 8188 MiB, 34, 9.31 W
2026/09/24 00:06:24.940, NVIDIA GeForce RTX 4060 Ti, 29 %, 5284 MiB, 8188 MiB, 34, 9.92 W
2026/09/24 00:06:29.948, NVIDIA GeForce RTX 4060 Ti, 35 %, 5284 MiB, 8188 MiB, 34, 10.55 W
2026/09/24 00:06:34.956, NVIDIA GeForce RTX 4060 Ti, 32 %, 5284 MiB, 8188 MiB, 34, 10.74 W
2026/09/24 00:06:39.965, NVIDIA GeForce RTX 4060 Ti, 29 %, 5284 MiB, 8188 MiB, 34, 11.57 W
2026/09/24 00:06:44.971, NVIDIA GeForce RTX 4060 Ti, 34 %, 5284 MiB, 8188 MiB, 34, 8.83 W
2026/09/24 00:06:49.988, NVIDIA GeForce RTX 4060 Ti, 38 %, 5284 MiB, 8188 MiB, 34, 10.08 W
2026/09/24 00:06:54.999, NVIDIA GeForce RTX 4060 Ti, 34 %, 5284 MiB, 8188 MiB, 34, 11.57 W
2026/09/24 00:07:00.007, NVIDIA GeForce RTX 4060 Ti, 37 %, 5284 MiB, 8188 MiB, 34, 10.37 W
2026/09/24 00:07:05.019, NVIDIA GeForce RTX 4060 Ti, 43 %, 5284 MiB, 8188 MiB, 34, 10.31 W
2026/09/24 00:07:10.025, NVIDIA GeForce RTX 4060 Ti, 32 %, 5284 MiB, 8188 MiB, 34, 9.62 W
2026/09/24 00:07:15.032, NVIDIA GeForce RTX 4060 Ti, 36 %, 5284 MiB, 8188 MiB, 34, 10.26 W
2026/09/24 00:07:20.038, NVIDIA GeForce RTX 4060 Ti, 47 %, 5284 MiB, 8188 MiB, 34, 7.40 W
2026/09/24 00:07:25.061, NVIDIA GeForce RTX 4060 Ti, 38 %, 5284 MiB, 8188 MiB, 34, 10.92 W
2026/09/24 00:07:30.068, NVIDIA GeForce RTX 4060 Ti, 33 %, 5284 MiB, 8188 MiB, 34, 9.08 W
2026/09/24 00:07:35.074, NVIDIA GeForce RTX 4060 Ti, 36 %, 5284 MiB, 8188 MiB, 34, 10.73 W
2026/09/24 00:07:40.080, NVIDIA GeForce RTX 4060 Ti, 41 %, 5284 MiB, 8188 MiB, 34, 10.29 W
2026/09/24 00:07:45.086, NVIDIA GeForce RTX 4060 Ti, 36 %, 5284 MiB, 8188 MiB, 34, 9.60 W
2026/09/24 00:07:50.092, NVIDIA GeForce RTX 4060 Ti, 35 %, 5284 MiB, 8188 MiB, 34, 11.00 W
2026/09/24 00:07:55.100, NVIDIA GeForce RTX 4060 Ti, 4 %, 5284 MiB, 8188 MiB, 33, 6.70 W
2026/09/24 00:08:00.107, NVIDIA GeForce RTX 4060 Ti, 33 %, 5284 MiB, 8188 MiB, 34, 10.94 W
2026/09/24 00:08:05.113, NVIDIA GeForce RTX 4060 Ti, 36 %, 5284 MiB, 8188 MiB, 34, 9.84 W
2026/09/24 00:08:10.123, NVIDIA GeForce RTX 4060 Ti, 30 %, 5284 MiB, 8188 MiB, 34, 11.41 W
2026/09/24 00:08:15.128, NVIDIA GeForce RTX 4060 Ti, 28 %, 5284 MiB, 8188 MiB, 34, 9.11 W
2026/09/24 00:08:20.135, NVIDIA GeForce RTX 4060 Ti, 28 %, 5289 MiB, 8188 MiB, 34, 10.86 W
2026/09/24 00:08:25.143, NVIDIA GeForce RTX 4060 Ti, 28 %, 5286 MiB, 8188 MiB, 34, 8.94 W
2026/09/24 00:08:30.151, NVIDIA GeForce RTX 4060 Ti, 4 %, 5284 MiB, 8188 MiB, 34, 8.74 W
2026/09/24 00:08:35.158, NVIDIA GeForce RTX 4060 Ti, 7 %, 5284 MiB, 8188 MiB, 33, 6.71 W
2026/09/24 00:08:40.168, NVIDIA GeForce RTX 4060 Ti, 34 %, 5284 MiB, 8188 MiB, 34, 11.97 W
2026/09/24 00:08:45.175, NVIDIA GeForce RTX 4060 Ti, 43 %, 5284 MiB, 8188 MiB, 34, 10.91 W
2026/09/24 00:08:50.180, NVIDIA GeForce RTX 4060 Ti, 35 %, 5284 MiB, 8188 MiB, 34, 10.02 W
2026/09/24 00:08:55.187, NVIDIA GeForce RTX 4060 Ti, 39 %, 5284 MiB, 8188 MiB, 34, 11.70 W
2026/09/24 00:09:00.193, NVIDIA GeForce RTX 4060 Ti, 42 %, 5284 MiB, 8188 MiB, 34, 10.26 W
2026/09/24 00:09:05.206, NVIDIA GeForce RTX 4060 Ti, 10 %, 5284 MiB, 8188 MiB, 33, 9.07 W
2026/09/24 00:09:10.212, NVIDIA GeForce RTX 4060 Ti, 31 %, 5284 MiB, 8188 MiB, 34, 9.16 W
2026/09/24 00:09:15.219, NVIDIA GeForce RTX 4060 Ti, 43 %, 5284 MiB, 8188 MiB, 34, 11.66 W
2026/09/24 00:09:20.225, NVIDIA GeForce RTX 4060 Ti, 35 %, 5284 MiB, 8188 MiB, 34, 10.13 W
2026/09/24 00:09:25.231, NVIDIA GeForce RTX 4060 Ti, 31 %, 5284 MiB, 8188 MiB, 34, 12.82 W
2026/09/24 00:09:30.238, NVIDIA GeForce RTX 4060 Ti, 40 %, 5284 MiB, 8188 MiB, 34, 9.29 W
2026/09/24 00:09:35.245, NVIDIA GeForce RTX 4060 Ti, 35 %, 5284 MiB, 8188 MiB, 34, 12.26 W
2026/09/24 00:09:40.251, NVIDIA GeForce RTX 4060 Ti, 12 %, 5284 MiB, 8188 MiB, 33, 7.14 W
2026/09/24 00:09:45.259, NVIDIA GeForce RTX 4060 Ti, 39 %, 5284 MiB, 8188 MiB, 34, 10.73 W
2026/09/24 00:09:50.265, NVIDIA GeForce RTX 4060 Ti, 45 %, 5284 MiB, 8188 MiB, 34, 10.77 W
2026/09/24 00:09:55.272, NVIDIA GeForce RTX 4060 Ti, 40 %, 5284 MiB, 8188 MiB, 34, 9.79 W
2026/09/24 00:10:00.279, NVIDIA GeForce RTX 4060 Ti, 36 %, 5284 MiB, 8188 MiB, 34, 9.72 W
2026/09/24 00:10:05.285, NVIDIA GeForce RTX 4060 Ti, 42 %, 5284 MiB, 8188 MiB, 34, 10.88 W
2026/09/24 00:10:10.293, NVIDIA GeForce RTX 4060 Ti, 33 %, 5284 MiB, 8188 MiB, 34, 10.01 W
2026/09/24 00:10:15.299, NVIDIA GeForce RTX 4060 Ti, 7 %, 5284 MiB, 8188 MiB, 33, 6.86 W
2026/09/24 00:10:20.307, NVIDIA GeForce RTX 4060 Ti, 42 %, 5284 MiB, 8188 MiB, 34, 10.78 W
2026/09/24 00:10:25.314, NVIDIA GeForce RTX 4060 Ti, 43 %, 5284 MiB, 8188 MiB, 34, 11.36 W
2026/09/24 00:10:30.320, NVIDIA GeForce RTX 4060 Ti, 38 %, 5284 MiB, 8188 MiB, 34, 11.33 W
2026/09/24 00:10:35.328, NVIDIA GeForce RTX 4060 Ti, 33 %, 5284 MiB, 8188 MiB, 34, 11.38 W
2026/09/24 00:10:40.335, NVIDIA GeForce RTX 4060 Ti, 39 %, 5284 MiB, 8188 MiB, 34, 10.92 W
2026/09/24 00:10:45.341, NVIDIA GeForce RTX 4060 Ti, 11 %, 5284 MiB, 8188 MiB, 33, 6.44 W
2026/09/24 00:10:50.348, NVIDIA GeForce RTX 4060 Ti, 9 %, 5284 MiB, 8188 MiB, 33, 6.19 W
2026/09/24 00:10:55.355, NVIDIA GeForce RTX 4060 Ti, 44 %, 5284 MiB, 8188 MiB, 34, 9.72 W
2026/09/24 00:11:00.368, NVIDIA GeForce RTX 4060 Ti, 33 %, 5284 MiB, 8188 MiB, 34, 12.68 W
2026/09/24 00:11:05.377, NVIDIA GeForce RTX 4060 Ti, 42 %, 5284 MiB, 8188 MiB, 34, 10.89 W
2026/09/24 00:11:10.387, NVIDIA GeForce RTX 4060 Ti, 37 %, 5284 MiB, 8188 MiB, 34, 8.85 W
2026/09/24 00:11:15.397, NVIDIA GeForce RTX 4060 Ti, 37 %, 5283 MiB, 8188 MiB, 34, 10.39 W
2026/09/24 00:11:20.404, NVIDIA GeForce RTX 4060 Ti, 44 %, 5284 MiB, 8188 MiB, 34, 11.03 W
2026/09/24 00:11:25.414, NVIDIA GeForce RTX 4060 Ti, 41 %, 5284 MiB, 8188 MiB, 34, 9.22 W
2026/09/24 00:11:30.420, NVIDIA GeForce RTX 4060 Ti, 40 %, 5284 MiB, 8188 MiB, 33, 7.69 W
2026/09/24 00:11:35.427, NVIDIA GeForce RTX 4060 Ti, 37 %, 5284 MiB, 8188 MiB, 34, 10.68 W
2026/09/24 00:11:40.434, NVIDIA GeForce RTX 4060 Ti, 48 %, 5284 MiB, 8188 MiB, 34, 9.19 W
2026/09/24 00:11:45.445, NVIDIA GeForce RTX 4060 Ti, 41 %, 5284 MiB, 8188 MiB, 34, 9.09 W
2026/09/24 00:11:50.450, NVIDIA GeForce RTX 4060 Ti, 34 %, 5284 MiB, 8188 MiB, 34, 12.94 W
2026/09/24 00:11:55.456, NVIDIA GeForce RTX 4060 Ti, 45 %, 5284 MiB, 8188 MiB, 34, 9.80 W
2026/09/24 00:12:00.463, NVIDIA GeForce RTX 4060 Ti, 29 %, 5284 MiB, 8188 MiB, 34, 9.78 W
2026/09/24 00:12:05.468, NVIDIA GeForce RTX 4060 Ti, 33 %, 5284 MiB, 8188 MiB, 34, 9.15 W
2026/09/24 00:12:10.476, NVIDIA GeForce RTX 4060 Ti, 4 %, 5284 MiB, 8188 MiB, 33, 6.17 W
2026/09/24 00:12:15.483, NVIDIA GeForce RTX 4060 Ti, 37 %, 5284 MiB, 8188 MiB, 33, 9.55 W
2026/09/24 00:12:20.495, NVIDIA GeForce RTX 4060 Ti, 39 %, 5284 MiB, 8188 MiB, 34, 11.31 W
2026/09/24 00:12:25.503, NVIDIA GeForce RTX 4060 Ti, 42 %, 5284 MiB, 8188 MiB, 34, 10.37 W
2026/09/24 00:12:30.513, NVIDIA GeForce RTX 4060 Ti, 35 %, 5284 MiB, 8188 MiB, 33, 8.96 W
2026/09/24 00:12:35.518, NVIDIA GeForce RTX 4060 Ti, 37 %, 5284 MiB, 8188 MiB, 33, 9.19 W
2026/09/24 00:12:40.536, NVIDIA GeForce RTX 4060 Ti, 33 %, 5284 MiB, 8188 MiB, 33, 9.09 W
2026/09/24 00:12:45.542, NVIDIA GeForce RTX 4060 Ti, 38 %, 5284 MiB, 8188 MiB, 34, 11.76 W
2026/09/24 00:12:50.547, NVIDIA GeForce RTX 4060 Ti, 44 %, 5283 MiB, 8188 MiB, 33, 11.59 W
2026/09/24 00:12:55.555, NVIDIA GeForce RTX 4060 Ti, 28 %, 5292 MiB, 8188 MiB, 34, 12.46 W
2026/09/24 00:13:00.564, NVIDIA GeForce RTX 4060 Ti, 31 %, 5282 MiB, 8188 MiB, 34, 13.59 W
2026/09/24 00:13:05.570, NVIDIA GeForce RTX 4060 Ti, 39 %, 5282 MiB, 8188 MiB, 34, 13.67 W
2026/09/24 00:13:10.579, NVIDIA GeForce RTX 4060 Ti, 34 %, 5282 MiB, 8188 MiB, 34, 14.00 W
2026/09/24 00:13:15.587, NVIDIA GeForce RTX 4060 Ti, 45 %, 5283 MiB, 8188 MiB, 34, 12.61 W
2026/09/24 00:13:20.594, NVIDIA GeForce RTX 4060 Ti, 39 %, 5284 MiB, 8188 MiB, 34, 13.51 W
2026/09/24 00:13:25.600, NVIDIA GeForce RTX 4060 Ti, 35 %, 5284 MiB, 8188 MiB, 34, 14.35 W
2026/09/24 00:13:30.607, NVIDIA GeForce RTX 4060 Ti, 32 %, 5283 MiB, 8188 MiB, 34, 13.15 W
2026/09/24 00:13:35.612, NVIDIA GeForce RTX 4060 Ti, 36 %, 5283 MiB, 8188 MiB, 34, 8.72 W
2026/09/24 00:13:40.620, NVIDIA GeForce RTX 4060 Ti, 4 %, 5283 MiB, 8188 MiB, 33, 6.32 W
2026/09/24 00:13:45.628, NVIDIA GeForce RTX 4060 Ti, 7 %, 5283 MiB, 8188 MiB, 33, 6.17 W
