timestamp,utilization_gpu_percent,memory_used_mib,temperature_gpu_c,power_draw_w
2026/09/21 12:46:31.904, 6, 402, 33, 6.75
2026/09/21 12:46:33.060, 4, 403, 33, 6.74
2026/09/21 12:46:34.212, 4, 401, 33, 6.61
2026/09/21 12:46:35.295, 5, 401, 33, 6.78
2026/09/21 12:46:36.447, 3, 401, 33, 6.61
2026/09/21 12:46:37.565, 4, 401, 33, 6.76
2026/09/21 12:46:38.770, 4, 401, 33, 6.51
2026/09/21 12:46:39.865, 4, 401, 33, 7.06
2026/09/21 12:46:40.944, 5, 401, 33, 6.49
2026/09/21 12:46:42.031, 6, 402, 33, 6.70
2026/09/21 12:46:43.111, 4, 402, 33, 6.81
2026/09/21 12:46:44.196, 0, 400, 34, 19.33
2026/09/21 12:46:45.321, 0, 401, 35, 28.38
2026/09/21 12:46:46.432, 0, 400, 35, 28.29
2026/09/21 12:46:47.592, 1, 395, 34, 12.85
2026/09/21 12:46:48.681, 4, 402, 33, 7.08
2026/09/21 12:46:49.781, 3, 402, 33, 6.75
2026/09/21 12:46:50.871, 3, 402, 33, 6.80
2026/09/21 12:46:51.961, 3, 397, 33, 6.77
2026/09/21 12:46:53.040, 4, 402, 33, 6.46
2026/09/21 12:46:54.122, 5, 402, 33, 6.65
2026/09/21 12:46:55.209, 5, 402, 33, 6.68
2026/09/21 12:46:56.324, 4, 397, 33, 6.65
2026/09/21 12:46:57.401, 4, 402, 33, 6.42
2026/09/21 12:46:58.485, 4, 401, 33, 6.68
2026/09/21 12:46:59.564, 0, 401, 34, 28.31
2026/09/21 12:47:00.639, 1, 402, 35, 28.42
2026/09/21 12:47:01.711, 0, 402, 35, 27.38
2026/09/21 12:47:02.792, 3, 402, 33, 10.22
2026/09/21 12:47:03.878, 4, 397, 33, 6.64
2026/09/21 12:47:04.969, 4, 402, 33, 6.89
2026/09/21 12:47:06.045, 3, 402, 33, 6.43
2026/09/21 12:47:07.127, 4, 402, 33, 6.64
2026/09/21 12:47:08.210, 4, 397, 33, 6.44
2026/09/21 12:47:09.297, 3, 401, 33, 6.96
2026/09/21 12:47:10.391, 3, 402, 33, 6.71
2026/09/21 12:47:11.495, 3, 397, 33, 6.85
2026/09/21 12:47:12.578, 4, 402, 33, 6.94
2026/09/21 12:47:13.659, 4, 402, 33, 6.90
2026/09/21 12:47:14.736, 0, 401, 34, 13.90
2026/09/21 12:47:15.809, 0, 401, 34, 28.51
2026/09/21 12:47:16.893, 0, 402, 34, 28.63
2026/09/21 12:47:17.966, 0, 403, 35, 24.74
2026/09/21 12:47:19.040, 2, 403, 33, 8.36
2026/09/21 12:47:20.115, 5, 403, 33, 6.63
2026/09/21 12:47:21.191, 5, 403, 33, 6.92
2026/09/21 12:47:22.278, 4, 403, 33, 6.88
2026/09/21 12:47:23.361, 4, 397, 33, 6.57
2026/09/21 12:47:24.455, 0, 402, 34, 17.04
2026/09/21 12:47:25.534, 0, 402, 34, 28.54
2026/09/21 12:47:26.614, 0, 395, 35, 28.56
2026/09/21 12:47:27.693, 0, 397, 35, 27.75
2026/09/21 12:47:28.774, 3, 402, 34, 11.18
2026/09/21 12:47:29.853, 3, 402, 33, 6.79
2026/09/21 12:47:30.937, 4, 402, 33, 6.59
2026/09/21 12:47:32.026, 3, 397, 33, 6.74
2026/09/21 12:47:33.118, 4, 402, 33, 6.56
2026/09/21 12:47:34.208, 4, 402, 33, 6.67
2026/09/21 12:47:35.294, 3, 401, 33, 6.56
2026/09/21 12:47:36.376, 3, 401, 33, 6.67
2026/09/21 12:47:37.457, 3, 402, 33, 6.51
2026/09/21 12:47:38.534, 3, 402, 33, 6.43
2026/09/21 12:47:39.638, 0, 397, 34, 25.04
2026/09/21 12:47:40.713, 0, 402, 35, 28.59
2026/09/21 12:47:41.788, 0, 402, 35, 28.60
2026/09/21 12:47:42.865, 0, 402, 35, 26.23
2026/09/21 12:47:43.946, 3, 397, 33, 9.41
2026/09/21 12:47:45.035, 4, 401, 33, 6.91
2026/09/21 12:47:46.120, 5, 402, 33, 6.67
2026/09/21 12:47:47.202, 5, 402, 33, 6.36
2026/09/21 12:47:48.288, 3, 398, 33, 6.66
2026/09/21 12:47:49.363, 4, 402, 33, 6.64
2026/09/21 12:47:50.442, 4, 401, 33, 6.57
2026/09/21 12:47:51.527, 3, 402, 33, 6.42
2026/09/21 12:47:52.607, 6, 402, 33, 6.69
2026/09/21 12:47:53.696, 4, 403, 33, 6.78
2026/09/21 12:47:54.775, 5, 404, 33, 6.82
2026/09/21 12:47:55.854, 6, 405, 33, 6.77
2026/09/21 12:47:56.941, 3, 405, 33, 6.73
2026/09/21 12:47:58.047, 3, 400, 33, 6.55
2026/09/21 12:47:59.145, 6, 404, 33, 6.81
2026/09/21 12:48:00.253, 5, 404, 33, 6.63
2026/09/21 12:48:01.345, 4, 403, 33, 6.71
2026/09/21 12:48:02.414, 1, 1701, 35, 27.31
2026/09/21 12:48:03.469, 0, 1701, 35, 30.97
2026/09/21 12:48:04.526, 0, 1701, 35, 28.90
2026/09/21 12:48:05.591, 0, 1695, 35, 28.18
2026/09/21 12:48:06.653, 0, 1699, 35, 28.09
2026/09/21 12:48:07.710, 13, 1813, 35, 29.73
2026/09/21 12:48:08.779, 24, 1965, 36, 26.00
2026/09/21 12:48:09.846, 33, 1960, 37, 45.66
2026/09/21 12:48:10.915, 18, 1965, 37, 44.70
2026/09/21 12:48:11.989, 30, 1966, 36, 40.12
2026/09/21 12:48:13.048, 44, 1966, 36, 33.80
2026/09/21 12:48:14.108, 26, 1960, 35, 31.09
2026/09/21 12:48:15.171, 21, 1965, 36, 34.42
2026/09/21 12:48:16.240, 29, 1965, 35, 29.82
2026/09/21 12:48:17.320, 25, 1965, 36, 30.45
2026/09/21 12:48:18.394, 34, 1961, 35, 33.15
2026/09/21 12:48:19.467, 34, 1965, 35, 30.15
2026/09/21 12:48:20.545, 35, 1965, 36, 33.86
2026/09/21 12:48:21.617, 31, 1965, 35, 31.07
2026/09/21 12:48:22.702, 30, 1969, 36, 33.27
2026/09/21 12:48:23.768, 16, 1970, 36, 30.66
2026/09/21 12:48:24.845, 27, 1970, 36, 34.21
2026/09/21 12:48:25.916, 33, 1965, 35, 31.84
2026/09/21 12:48:26.979, 30, 1971, 36, 30.44
2026/09/21 12:48:28.050, 22, 1971, 37, 32.69
2026/09/21 12:48:29.116, 25, 1969, 36, 32.47
2026/09/21 12:48:30.201, 29, 1962, 36, 34.55
2026/09/21 12:48:31.270, 34, 1966, 37, 32.78
2026/09/21 12:48:32.328, 44, 1966, 36, 28.97
2026/09/21 12:48:33.383, 27, 1966, 36, 28.93
2026/09/21 12:48:34.454, 31, 1962, 36, 33.38
2026/09/21 12:48:35.535, 27, 1966, 37, 33.99
2026/09/21 12:48:36.627, 24, 1966, 36, 28.79
2026/09/21 12:48:37.687, 23, 1966, 36, 30.11
2026/09/21 12:48:38.753, 23, 1966, 37, 31.58
2026/09/21 12:48:39.815, 32, 1966, 36, 29.81
2026/09/21 12:48:40.887, 27, 1966, 37, 31.56
2026/09/21 12:48:41.949, 16, 1960, 36, 31.35
2026/09/21 12:48:43.021, 27, 1965, 36, 33.81
2026/09/21 12:48:44.099, 33, 1965, 36, 30.72
2026/09/21 12:48:45.168, 39, 1959, 37, 29.39
2026/09/21 12:48:46.241, 41, 1960, 38, 33.54
2026/09/21 12:48:47.302, 35, 1965, 37, 35.60
2026/09/21 12:48:48.365, 44, 1965, 36, 33.35
2026/09/21 12:48:49.432, 35, 1960, 37, 33.69
2026/09/21 12:48:50.497, 26, 1960, 37, 33.63
2026/09/21 12:48:51.563, 23, 1965, 37, 32.14
2026/09/21 12:48:52.631, 25, 1965, 36, 29.17
2026/09/21 12:48:53.706, 34, 1965, 37, 31.20
2026/09/21 12:48:54.763, 35, 1961, 37, 35.78
2026/09/21 12:48:55.836, 30, 1965, 37, 36.55
2026/09/21 12:48:56.904, 28, 2125, 37, 35.35
2026/09/21 12:48:57.983, 23, 2124, 37, 32.67
2026/09/21 12:48:59.072, 24, 2128, 38, 34.52
2026/09/21 12:49:00.132, 29, 2128, 37, 35.65
2026/09/21 12:49:01.200, 25, 2128, 37, 36.41
2026/09/21 12:49:02.279, 38, 2123, 39, 39.19
2026/09/21 12:49:03.345, 21, 2127, 37, 34.77
2026/09/21 12:49:04.406, 55, 2127, 38, 36.26
2026/09/21 12:49:05.468, 28, 2127, 38, 43.84
2026/09/21 12:49:06.532, 29, 2122, 39, 46.47
2026/09/21 12:49:07.608, 30, 2127, 39, 36.85
2026/09/21 12:49:08.673, 23, 2127, 38, 31.56
2026/09/21 12:49:09.744, 31, 2127, 37, 31.01
2026/09/21 12:49:10.824, 47, 2123, 38, 32.94
2026/09/21 12:49:11.884, 29, 2293, 40, 40.63
2026/09/21 12:49:12.948, 24, 2478, 40, 48.97
2026/09/21 12:49:14.013, 15, 2478, 40, 43.57
2026/09/21 12:49:15.090, 35, 2479, 42, 60.52
2026/09/21 12:49:16.158, 27, 2479, 43, 65.36
2026/09/21 12:49:17.215, 22, 2474, 40, 56.03
2026/09/21 12:49:18.276, 36, 2478, 39, 45.13
2026/09/21 12:49:19.353, 39, 2479, 39, 37.64
2026/09/21 12:49:20.413, 0, 2479, 37, 27.82
2026/09/21 12:49:21.482, 0, 2474, 37, 19.39
2026/09/21 12:49:22.559, 48, 2520, 37, 22.18
2026/09/21 12:49:23.654, 30, 2525, 37, 27.86
2026/09/21 12:49:24.719, 44, 2587, 38, 29.15
2026/09/21 12:49:25.790, 21, 2582, 38, 28.92
2026/09/21 12:49:26.853, 30, 2584, 38, 32.62
2026/09/21 12:49:27.912, 45, 2589, 38, 35.57
2026/09/21 12:49:28.987, 34, 2589, 38, 33.02
2026/09/21 12:49:30.060, 31, 2585, 39, 31.78
2026/09/21 12:49:31.116, 47, 2589, 38, 27.28
2026/09/21 12:49:32.173, 28, 2590, 38, 32.32
2026/09/21 12:49:33.240, 39, 2591, 38, 34.72
2026/09/21 12:49:34.315, 22, 2591, 38, 30.26
2026/09/21 12:49:35.373, 45, 2592, 38, 28.53
2026/09/21 12:49:36.433, 20, 2592, 38, 30.41
2026/09/21 12:49:37.498, 26, 2587, 38, 35.13
2026/09/21 12:49:38.574, 38, 2653, 39, 33.60
2026/09/21 12:49:39.656, 34, 2657, 39, 33.06
2026/09/21 12:49:40.718, 28, 2657, 39, 39.56
2026/09/21 12:49:41.774, 32, 2657, 40, 40.61
2026/09/21 12:49:42.859, 30, 2651, 39, 38.60
2026/09/21 12:49:43.919, 16, 2655, 39, 35.44
2026/09/21 12:49:44.991, 14, 2733, 39, 31.68
2026/09/21 12:49:46.066, 27, 2819, 38, 27.15
2026/09/21 12:49:47.124, 22, 2823, 39, 30.05
2026/09/21 12:49:48.183, 25, 2917, 39, 31.16
2026/09/21 12:49:49.241, 21, 3013, 38, 32.97
2026/09/21 12:49:50.307, 38, 3141, 38, 30.81
2026/09/21 12:49:51.373, 40, 3141, 38, 30.98
2026/09/21 12:49:52.444, 25, 3141, 39, 30.23
2026/09/21 12:49:53.536, 22, 3137, 39, 31.74
2026/09/21 12:49:54.603, 25, 3141, 38, 27.76
2026/09/21 12:49:55.669, 27, 3141, 38, 30.30
2026/09/21 12:49:56.763, 28, 3141, 38, 28.34
2026/09/21 12:49:57.820, 19, 3137, 38, 30.81
2026/09/21 12:49:58.885, 25, 3141, 39, 34.85
2026/09/21 12:49:59.943, 30, 3141, 38, 29.58
2026/09/21 12:50:01.012, 19, 3139, 39, 31.69
2026/09/21 12:50:02.075, 20, 3140, 39, 31.33
2026/09/21 12:50:03.153, 33, 3145, 39, 27.40
2026/09/21 12:50:04.225, 41, 3145, 39, 28.05
2026/09/21 12:50:05.300, 28, 3147, 38, 27.93
2026/09/21 12:50:06.374, 28, 3147, 39, 27.30
2026/09/21 12:50:07.458, 40, 3147, 39, 29.24
2026/09/21 12:50:08.530, 30, 3147, 39, 27.63
2026/09/21 12:50:09.607, 37, 3143, 38, 26.99
2026/09/21 12:50:10.671, 30, 3147, 38, 27.05
2026/09/21 12:50:11.739, 41, 3147, 39, 27.77
2026/09/21 12:50:12.803, 25, 3147, 38, 26.30
2026/09/21 12:50:13.872, 32, 3142, 39, 26.91
2026/09/21 12:50:14.945, 34, 3147, 38, 26.90
2026/09/21 12:50:16.025, 33, 3147, 39, 29.09
2026/09/21 12:50:17.107, 28, 3141, 39, 31.84
2026/09/21 12:50:18.179, 36, 3140, 39, 31.97
2026/09/21 12:50:19.239, 37, 3145, 39, 27.23
2026/09/21 12:50:20.303, 33, 3146, 39, 28.08
2026/09/21 12:50:21.387, 28, 3146, 39, 28.82
2026/09/21 12:50:22.465, 34, 3141, 39, 27.39
2026/09/21 12:50:23.525, 28, 3145, 38, 27.20
2026/09/21 12:50:24.592, 28, 3145, 39, 28.20
2026/09/21 12:50:25.661, 33, 3145, 39, 26.33
2026/09/21 12:50:26.720, 29, 3145, 39, 26.59
2026/09/21 12:50:27.788, 37, 3146, 39, 27.20
2026/09/21 12:50:28.856, 28, 3145, 39, 27.49
2026/09/21 12:50:29.925, 36, 3141, 39, 28.97
2026/09/21 12:50:30.989, 20, 3145, 39, 27.13
2026/09/21 12:50:32.050, 31, 3145, 39, 27.58
2026/09/21 12:50:33.113, 35, 3145, 38, 26.55
2026/09/21 12:50:34.175, 39, 3141, 39, 28.22
2026/09/21 12:50:35.247, 41, 3145, 39, 28.57
2026/09/21 12:50:36.308, 33, 3145, 39, 27.17
2026/09/21 12:50:37.367, 37, 3145, 39, 28.11
2026/09/21 12:50:38.431, 24, 3147, 39, 27.30
2026/09/21 12:50:39.498, 29, 3147, 38, 25.32
2026/09/21 12:50:40.577, 42, 3147, 38, 26.97
2026/09/21 12:50:41.649, 38, 3147, 38, 26.39
2026/09/21 12:50:42.732, 32, 3147, 39, 26.28
2026/09/21 12:50:43.794, 29, 3148, 39, 28.12
2026/09/21 12:50:44.863, 30, 3148, 40, 31.53
2026/09/21 12:50:45.939, 22, 3148, 39, 31.65
2026/09/21 12:50:47.018, 25, 3148, 39, 30.30
2026/09/21 12:50:48.083, 30, 3140, 39, 33.39
2026/09/21 12:50:49.152, 22, 3141, 39, 33.42
2026/09/21 12:50:50.206, 17, 3146, 39, 32.87
2026/09/21 12:50:51.268, 24, 3146, 40, 32.26
2026/09/21 12:50:52.328, 29, 3146, 39, 32.87
2026/09/21 12:50:53.404, 31, 3141, 40, 33.18
2026/09/21 12:50:54.464, 24, 3146, 39, 30.67
2026/09/21 12:50:55.526, 33, 3146, 39, 32.36
2026/09/21 12:50:56.584, 37, 3145, 39, 31.79
2026/09/21 12:50:57.644, 46, 3145, 41, 37.44
2026/09/21 12:50:58.706, 29, 3146, 40, 37.70
2026/09/21 12:50:59.767, 38, 3146, 40, 36.84
2026/09/21 12:51:00.819, 26, 3141, 42, 43.02
2026/09/21 12:51:01.875, 21, 3145, 40, 37.27
2026/09/21 12:51:02.939, 40, 3146, 40, 34.31
2026/09/21 12:51:04.003, 30, 3146, 40, 34.35
2026/09/21 12:51:05.075, 27, 3143, 39, 32.91
2026/09/21 12:51:06.134, 37, 3147, 39, 28.50
2026/09/21 12:51:07.197, 27, 3148, 40, 26.64
2026/09/21 12:51:08.272, 30, 3148, 39, 27.49
2026/09/21 12:51:09.351, 51, 3143, 40, 27.74
2026/09/21 12:51:10.408, 28, 3147, 40, 32.50
2026/09/21 12:51:11.483, 38, 3147, 39, 30.50
2026/09/21 12:51:12.551, 40, 3148, 39, 26.76
2026/09/21 12:51:13.611, 31, 3147, 39, 28.38
2026/09/21 12:51:14.686, 29, 3148, 39, 27.56
2026/09/21 12:51:15.744, 36, 3147, 39, 26.39
2026/09/21 12:51:16.802, 26, 3149, 39, 27.50
2026/09/21 12:51:17.865, 24, 3149, 40, 27.31
2026/09/21 12:51:18.927, 35, 3149, 40, 27.95
2026/09/21 12:51:19.990, 28, 3149, 39, 27.77
2026/09/21 12:51:21.069, 25, 3144, 39, 28.03
2026/09/21 12:51:22.134, 21, 3149, 39, 26.77
2026/09/21 12:51:23.190, 37, 3149, 39, 28.00
2026/09/21 12:51:24.264, 36, 3142, 40, 27.04
2026/09/21 12:51:25.328, 32, 3142, 40, 27.64
2026/09/21 12:51:26.408, 30, 3147, 40, 28.22
2026/09/21 12:51:27.485, 28, 3148, 39, 27.57
2026/09/21 12:51:28.559, 33, 3148, 39, 26.07
2026/09/21 12:51:29.617, 28, 3143, 40, 26.76
2026/09/21 12:51:30.678, 24, 3147, 39, 27.20
2026/09/21 12:51:31.744, 35, 3143, 40, 28.29
2026/09/21 12:51:32.832, 41, 3147, 39, 27.62
2026/09/21 12:51:33.915, 38, 3148, 40, 28.90
2026/09/21 12:51:34.984, 36, 3148, 40, 27.59
2026/09/21 12:51:36.066, 34, 3148, 40, 27.09
2026/09/21 12:51:37.125, 38, 3143, 40, 29.04
2026/09/21 12:51:38.187, 38, 3148, 39, 28.05
2026/09/21 12:51:39.258, 23, 3147, 39, 27.33
2026/09/21 12:51:40.340, 26, 3147, 39, 27.66
2026/09/21 12:51:41.412, 34, 3142, 39, 27.43
2026/09/21 12:51:42.485, 26, 3147, 39, 25.78
2026/09/21 12:51:43.555, 24, 3147, 39, 26.35
2026/09/21 12:51:44.616, 47, 3147, 39, 28.56
2026/09/21 12:51:45.673, 29, 3143, 40, 28.87
2026/09/21 12:51:46.732, 22, 3147, 39, 29.80
2026/09/21 12:51:47.788, 35, 3143, 40, 31.60
2026/09/21 12:51:48.848, 43, 3148, 40, 31.07
2026/09/21 12:51:49.915, 27, 3148, 41, 34.18
2026/09/21 12:51:50.987, 30, 3149, 40, 33.96
2026/09/21 12:51:52.045, 35, 3150, 40, 30.08
2026/09/21 12:51:53.126, 20, 3150, 41, 31.00
2026/09/21 12:51:54.195, 33, 3150, 40, 33.54
2026/09/21 12:51:55.276, 39, 3145, 40, 32.66
2026/09/21 12:51:56.328, 48, 3149, 40, 28.09
2026/09/21 12:51:57.398, 24, 3149, 40, 31.41
2026/09/21 12:51:58.458, 48, 3147, 40, 31.36
2026/09/21 12:51:59.539, 31, 3148, 41, 37.66
2026/09/21 12:52:00.596, 24, 3148, 41, 33.84
2026/09/21 12:52:01.670, 34, 3148, 41, 44.54
2026/09/21 12:52:02.729, 18, 3143, 40, 39.38
2026/09/21 12:52:03.791, 23, 3147, 41, 37.72
2026/09/21 12:52:04.852, 35, 3148, 41, 39.55
2026/09/21 12:52:05.924, 23, 3150, 40, 34.24
2026/09/21 12:52:06.992, 28, 3145, 40, 30.40
2026/09/21 12:52:08.056, 40, 3149, 40, 28.37
2026/09/21 12:52:09.120, 39, 3149, 40, 28.14
2026/09/21 12:52:10.177, 26, 3150, 40, 28.35
2026/09/21 12:52:11.235, 30, 3145, 39, 28.35
2026/09/21 12:52:12.302, 30, 3150, 40, 27.74
2026/09/21 12:52:13.357, 35, 3150, 40, 26.71
2026/09/21 12:52:14.417, 38, 3149, 39, 26.36
2026/09/21 12:52:15.485, 32, 3149, 40, 27.88
2026/09/21 12:52:16.566, 31, 3150, 40, 28.45
2026/09/21 12:52:17.631, 31, 3150, 40, 25.11
2026/09/21 12:52:18.695, 26, 3145, 39, 27.11
2026/09/21 12:52:19.748, 31, 3149, 39, 27.52
2026/09/21 12:52:20.803, 31, 3150, 40, 28.15
2026/09/21 12:52:21.861, 30, 3149, 40, 27.60
2026/09/21 12:52:22.920, 25, 3145, 39, 28.59
2026/09/21 12:52:23.986, 22, 3150, 40, 28.17
2026/09/21 12:52:25.056, 35, 3151, 40, 29.43
2026/09/21 12:52:26.112, 33, 3150, 40, 28.34
2026/09/21 12:52:27.175, 27, 3145, 40, 27.79
2026/09/21 12:52:28.241, 40, 3150, 40, 27.41
2026/09/21 12:52:29.304, 36, 3150, 40, 27.83
2026/09/21 12:52:30.362, 31, 3150, 40, 25.70
2026/09/21 12:52:31.423, 37, 3145, 40, 27.19
2026/09/21 12:52:32.496, 33, 3150, 40, 27.82
2026/09/21 12:52:33.564, 36, 3148, 40, 28.73
2026/09/21 12:52:34.625, 38, 3149, 40, 28.42
2026/09/21 12:52:35.683, 45, 3149, 40, 28.90
2026/09/21 12:52:36.753, 32, 3150, 40, 28.36
2026/09/21 12:52:37.821, 31, 3150, 40, 28.42
2026/09/21 12:52:38.883, 36, 3145, 40, 30.14
2026/09/21 12:52:39.945, 32, 3149, 40, 27.69
2026/09/21 12:52:41.015, 27, 3150, 40, 27.76
2026/09/21 12:52:42.076, 24, 3150, 40, 28.04
2026/09/21 12:52:43.140, 32, 3145, 40, 27.50
2026/09/21 12:52:44.211, 34, 3149, 40, 26.84
2026/09/21 12:52:45.282, 37, 3150, 40, 27.71
2026/09/21 12:52:46.337, 33, 3150, 40, 29.55
2026/09/21 12:52:47.403, 44, 3145, 40, 28.89
2026/09/21 12:52:48.460, 30, 3150, 40, 32.47
2026/09/21 12:52:49.525, 46, 3149, 41, 33.96
2026/09/21 12:52:50.593, 29, 3149, 41, 33.32
2026/09/21 12:52:51.664, 39, 3149, 41, 34.32
2026/09/21 12:52:52.723, 27, 3150, 40, 33.44
2026/09/21 12:52:53.806, 28, 3149, 40, 32.24
2026/09/21 12:52:54.868, 22, 3145, 40, 33.09
2026/09/21 12:52:55.936, 26, 3149, 40, 35.13
2026/09/21 12:52:56.995, 20, 3150, 41, 31.79
2026/09/21 12:52:58.053, 16, 3151, 40, 26.39
2026/09/21 12:52:59.115, 21, 3144, 41, 30.87
2026/09/21 12:53:00.179, 28, 3150, 41, 33.99
2026/09/21 12:53:01.255, 30, 3150, 41, 34.19
2026/09/21 12:53:02.342, 23, 3150, 40, 34.51
2026/09/21 12:53:03.411, 39, 3154, 42, 39.02
2026/09/21 12:53:04.481, 22, 3154, 41, 41.37
2026/09/21 12:53:05.548, 27, 3154, 42, 42.05
2026/09/21 12:53:06.619, 29, 3154, 41, 38.92
2026/09/21 12:53:07.699, 24, 3149, 41, 35.98
2026/09/21 12:53:08.759, 27, 3149, 41, 33.83
2026/09/21 12:53:09.826, 26, 3154, 41, 31.81
2026/09/21 12:53:10.922, 17, 3154, 40, 31.59
2026/09/21 12:53:11.991, 31, 3150, 41, 34.25
2026/09/21 12:53:13.062, 29, 3154, 42, 30.13
2026/09/21 12:53:14.146, 31, 3154, 41, 31.91
2026/09/21 12:53:15.203, 38, 3148, 41, 33.40
2026/09/21 12:53:16.278, 32, 3153, 41, 31.61
2026/09/21 12:53:17.347, 17, 3153, 40, 30.67
2026/09/21 12:53:18.407, 26, 3153, 40, 30.05
2026/09/21 12:53:19.479, 24, 3153, 41, 31.13
2026/09/21 12:53:20.557, 23, 3148, 41, 33.21
2026/09/21 12:53:21.616, 33, 3153, 41, 29.45
2026/09/21 12:53:22.712, 33, 3158, 41, 28.93
2026/09/21 12:53:23.769, 22, 3158, 40, 28.09
2026/09/21 12:53:24.847, 39, 3153, 41, 28.45
2026/09/21 12:53:25.906, 28, 3158, 40, 29.75
2026/09/21 12:53:26.982, 36, 3158, 40, 28.85
2026/09/21 12:53:28.054, 47, 3154, 40, 30.54
2026/09/21 12:53:29.111, 24, 3156, 40, 31.46
2026/09/21 12:53:30.169, 38, 3155, 41, 35.53
2026/09/21 12:53:31.251, 24, 3153, 40, 28.84
2026/09/21 12:53:32.308, 39, 3153, 41, 27.23
2026/09/21 12:53:33.370, 38, 3153, 41, 30.96
2026/09/21 12:53:34.449, 28, 3153, 41, 33.81
2026/09/21 12:53:35.516, 33, 3154, 40, 30.12
2026/09/21 12:53:36.574, 38, 3154, 40, 31.38
2026/09/21 12:53:37.651, 24, 3155, 40, 32.43
2026/09/21 12:53:38.710, 40, 3155, 42, 29.42
2026/09/21 12:53:39.770, 36, 3149, 41, 32.48
2026/09/21 12:53:40.843, 23, 3149, 40, 33.35
2026/09/21 12:53:41.925, 31, 3154, 41, 30.13
2026/09/21 12:53:42.988, 26, 3151, 40, 27.47
2026/09/21 12:53:44.057, 44, 3148, 40, 29.50
2026/09/21 12:53:45.118, 31, 3153, 41, 32.75
2026/09/21 12:53:46.192, 44, 3153, 41, 33.57
2026/09/21 12:53:47.257, 38, 3153, 42, 32.01
2026/09/21 12:53:48.323, 18, 3149, 40, 32.09
2026/09/21 12:53:49.434, 37, 3153, 41, 31.14
2026/09/21 12:53:50.489, 25, 3153, 41, 31.58
2026/09/21 12:53:51.549, 29, 3153, 41, 29.98
2026/09/21 12:53:52.601, 36, 3153, 41, 28.83
2026/09/21 12:53:53.662, 47, 3153, 40, 30.32
2026/09/21 12:53:54.726, 22, 3153, 41, 32.60
2026/09/21 12:53:55.787, 15, 3148, 40, 29.83
2026/09/21 12:53:56.872, 31, 3152, 41, 29.17
2026/09/21 12:53:57.935, 20, 3153, 41, 32.00
2026/09/21 12:53:59.029, 39, 3153, 41, 33.61
2026/09/21 12:54:00.091, 21, 3147, 41, 32.78
2026/09/21 12:54:01.167, 25, 3153, 41, 31.59
2026/09/21 12:54:02.228, 28, 3153, 41, 29.16
2026/09/21 12:54:03.291, 24, 3153, 40, 27.72
2026/09/21 12:54:04.369, 33, 3149, 40, 29.32
2026/09/21 12:54:05.434, 26, 3153, 40, 28.48
2026/09/21 12:54:06.493, 36, 3153, 40, 27.77
2026/09/21 12:54:07.554, 56, 3152, 41, 31.31
2026/09/21 12:54:08.633, 23, 3152, 41, 34.62
2026/09/21 12:54:09.688, 39, 3153, 41, 30.40
2026/09/21 12:54:10.751, 43, 3154, 41, 29.33
2026/09/21 12:54:11.835, 33, 3154, 41, 31.25
2026/09/21 12:54:12.893, 22, 3158, 41, 32.66
2026/09/21 12:54:13.956, 27, 3158, 40, 27.71
2026/09/21 12:54:15.028, 47, 3158, 40, 26.14
2026/09/21 12:54:16.091, 35, 3158, 41, 31.36
2026/09/21 12:54:17.151, 20, 3152, 41, 31.74
2026/09/21 12:54:18.210, 22, 3157, 41, 32.36
2026/09/21 12:54:19.270, 41, 3156, 41, 29.53
2026/09/21 12:54:20.325, 36, 3149, 41, 28.47
2026/09/21 12:54:21.384, 25, 3149, 40, 28.49
2026/09/21 12:54:22.465, 31, 3154, 41, 32.33
2026/09/21 12:54:23.534, 28, 3154, 41, 35.52
2026/09/21 12:54:24.596, 44, 3149, 41, 29.91
2026/09/21 12:54:25.672, 43, 3153, 41, 32.68
2026/09/21 12:54:26.755, 25, 3153, 41, 33.35
2026/09/21 12:54:27.824, 25, 3153, 40, 30.67
2026/09/21 12:54:28.877, 17, 3153, 41, 30.99
2026/09/21 12:54:29.938, 24, 3153, 41, 32.57
2026/09/21 12:54:31.004, 29, 3153, 41, 28.44
2026/09/21 12:54:32.068, 38, 3148, 40, 27.56
2026/09/21 12:54:33.132, 21, 3153, 41, 25.95
2026/09/21 12:54:34.204, 29, 3153, 40, 28.52
2026/09/21 12:54:35.276, 26, 3153, 41, 31.20
2026/09/21 12:54:36.342, 40, 3148, 42, 33.95
2026/09/21 12:54:37.406, 18, 3153, 41, 34.34
2026/09/21 12:54:38.465, 29, 3153, 41, 31.70
2026/09/21 12:54:39.536, 46, 3153, 41, 31.75
2026/09/21 12:54:40.596, 29, 3149, 41, 33.92
2026/09/21 12:54:41.657, 19, 3153, 41, 32.04
2026/09/21 12:54:42.721, 36, 3153, 41, 29.16
2026/09/21 12:54:43.781, 36, 3153, 41, 29.94
2026/09/21 12:54:44.841, 19, 3153, 41, 32.02
2026/09/21 12:54:45.901, 26, 3154, 41, 35.32
2026/09/21 12:54:46.956, 20, 3154, 41, 31.05
2026/09/21 12:54:48.012, 34, 3149, 41, 32.61
2026/09/21 12:54:49.074, 23, 3153, 41, 29.68
2026/09/21 12:54:50.132, 39, 3153, 41, 28.44
2026/09/21 12:54:51.198, 34, 3153, 41, 28.74
2026/09/21 12:54:52.259, 28, 3148, 41, 33.80
2026/09/21 12:54:53.328, 34, 3148, 42, 34.54
2026/09/21 12:54:54.418, 40, 3153, 41, 30.90
2026/09/21 12:54:55.476, 24, 3151, 41, 33.68
2026/09/21 12:54:56.542, 29, 3148, 41, 34.18
2026/09/21 12:54:57.611, 25, 3153, 41, 32.21
2026/09/21 12:54:58.676, 16, 3153, 41, 33.10
2026/09/21 12:54:59.736, 22, 3153, 42, 35.24
2026/09/21 12:55:00.797, 27, 3149, 42, 34.01
2026/09/21 12:55:01.855, 17, 3153, 41, 30.15
2026/09/21 12:55:02.917, 28, 3153, 41, 32.12
2026/09/21 12:55:03.979, 40, 3152, 41, 30.88
2026/09/21 12:55:05.053, 34, 3152, 42, 38.13
2026/09/21 12:55:06.113, 41, 3153, 41, 35.92
2026/09/21 12:55:07.188, 28, 3153, 44, 44.96
2026/09/21 12:55:08.243, 22, 3148, 44, 50.78
2026/09/21 12:55:09.302, 23, 3152, 42, 42.20
2026/09/21 12:55:10.379, 38, 3153, 42, 35.19
2026/09/21 12:55:11.450, 29, 3153, 41, 32.02
2026/09/21 12:55:12.511, 22, 3148, 41, 32.23
2026/09/21 12:55:13.610, 26, 3153, 41, 29.33
2026/09/21 12:55:14.675, 34, 3153, 41, 32.31
2026/09/21 12:55:15.734, 21, 3153, 41, 29.59
2026/09/21 12:55:16.798, 40, 3149, 41, 27.09
2026/09/21 12:55:17.855, 31, 3153, 41, 30.35
2026/09/21 12:55:18.934, 21, 3155, 42, 34.21
2026/09/21 12:55:20.001, 28, 3155, 42, 33.01
2026/09/21 12:55:21.072, 14, 3167, 41, 30.54
2026/09/21 12:55:22.145, 27, 3167, 41, 27.66
2026/09/21 12:55:23.213, 41, 3167, 42, 29.84
2026/09/21 12:55:24.280, 34, 3170, 42, 31.30
2026/09/21 12:55:25.345, 33, 3170, 42, 31.62
2026/09/21 12:55:26.431, 31, 3170, 42, 31.91
2026/09/21 12:55:27.503, 32, 3170, 42, 32.17
2026/09/21 12:55:28.561, 23, 3170, 41, 29.45
2026/09/21 12:55:29.633, 21, 3161, 42, 30.60
2026/09/21 12:55:30.699, 22, 3166, 41, 31.01
2026/09/21 12:55:31.762, 50, 3166, 42, 30.01
2026/09/21 12:55:32.814, 29, 3163, 41, 33.94
2026/09/21 12:55:33.872, 33, 3160, 42, 30.74
2026/09/21 12:55:34.936, 43, 3165, 41, 27.80
2026/09/21 12:55:36.018, 21, 3165, 41, 27.20
2026/09/21 12:55:37.094, 32, 3160, 41, 29.21
2026/09/21 12:55:38.154, 31, 3160, 41, 25.74
2026/09/21 12:55:39.220, 40, 3165, 42, 28.87
2026/09/21 12:55:40.295, 28, 3165, 41, 26.99
2026/09/21 12:55:41.352, 42, 3165, 41, 28.24
2026/09/21 12:55:42.403, 27, 3165, 42, 30.58
2026/09/21 12:55:43.469, 36, 3165, 41, 31.66
2026/09/21 12:55:44.532, 22, 3159, 42, 33.22
2026/09/21 12:55:45.621, 24, 3164, 41, 25.40
2026/09/21 12:55:46.685, 40, 3165, 41, 29.37
2026/09/21 12:55:47.752, 27, 3165, 42, 34.78
2026/09/21 12:55:48.809, 20, 3165, 41, 31.62
2026/09/21 12:55:49.883, 39, 3160, 41, 25.87
2026/09/21 12:55:50.948, 30, 3165, 42, 27.46
2026/09/21 12:55:52.016, 34, 3165, 41, 30.83
2026/09/21 12:55:53.080, 19, 3160, 41, 31.39
2026/09/21 12:55:54.134, 21, 3160, 42, 34.16
2026/09/21 12:55:55.224, 25, 3165, 41, 30.36
2026/09/21 12:55:56.296, 19, 3165, 41, 34.01
2026/09/21 12:55:57.373, 19, 3167, 41, 30.13
2026/09/21 12:55:58.441, 30, 3167, 41, 34.03
2026/09/21 12:55:59.507, 39, 3167, 42, 34.83
2026/09/21 12:56:00.589, 18, 3161, 42, 33.29
2026/09/21 12:56:01.657, 26, 3165, 42, 33.88
2026/09/21 12:56:02.721, 35, 3166, 41, 28.38
2026/09/21 12:56:03.792, 27, 3166, 41, 31.09
2026/09/21 12:56:04.852, 35, 3160, 42, 32.70
2026/09/21 12:56:05.909, 33, 3165, 42, 31.27
2026/09/21 12:56:06.986, 29, 3165, 42, 31.04
2026/09/21 12:56:08.044, 33, 3165, 42, 32.66
2026/09/21 12:56:09.099, 27, 3160, 41, 29.49
2026/09/21 12:56:10.165, 47, 3160, 42, 26.04
2026/09/21 12:56:11.225, 38, 3165, 42, 29.16
2026/09/21 12:56:12.286, 25, 3165, 42, 29.15
2026/09/21 12:56:13.357, 19, 3161, 41, 31.19
2026/09/21 12:56:14.416, 27, 3165, 41, 30.39
2026/09/21 12:56:15.478, 27, 3165, 41, 28.62
2026/09/21 12:56:16.544, 19, 3165, 42, 30.69
2026/09/21 12:56:17.607, 31, 3165, 42, 30.87
2026/09/21 12:56:18.684, 22, 3165, 41, 32.43
2026/09/21 12:56:19.766, 34, 3165, 41, 28.81
2026/09/21 12:56:20.841, 31, 3160, 42, 33.67
2026/09/21 12:56:21.902, 29, 3165, 42, 35.99
2026/09/21 12:56:22.978, 41, 3165, 41, 30.96
2026/09/21 12:56:24.043, 34, 3165, 42, 31.08
2026/09/21 12:56:25.110, 37, 3160, 42, 33.40
2026/09/21 12:56:26.165, 19, 3160, 41, 30.19
2026/09/21 12:56:27.235, 22, 3165, 41, 28.19
2026/09/21 12:56:28.293, 47, 3165, 42, 27.44
2026/09/21 12:56:29.355, 40, 3160, 42, 31.82
2026/09/21 12:56:30.434, 25, 3165, 42, 30.93
2026/09/21 12:56:31.492, 26, 3166, 41, 28.46
2026/09/21 12:56:32.563, 40, 3167, 41, 28.27
2026/09/21 12:56:33.621, 36, 3162, 41, 27.80
2026/09/21 12:56:34.681, 38, 3168, 42, 27.34
2026/09/21 12:56:35.742, 45, 3168, 42, 27.38
2026/09/21 12:56:36.818, 40, 3166, 42, 34.66
2026/09/21 12:56:37.885, 41, 3166, 42, 31.96
2026/09/21 12:56:38.954, 33, 3166, 42, 33.79
2026/09/21 12:56:40.023, 25, 3166, 42, 29.98
2026/09/21 12:56:41.080, 25, 3159, 41, 26.17
2026/09/21 12:56:42.136, 22, 3165, 41, 27.85
2026/09/21 12:56:43.211, 34, 3166, 41, 26.86
2026/09/21 12:56:44.267, 44, 3166, 41, 27.79
2026/09/21 12:56:45.369, 14, 3160, 43, 40.05
2026/09/21 12:56:46.441, 21, 3165, 42, 43.42
2026/09/21 12:56:47.502, 21, 3166, 41, 30.82
2026/09/21 12:56:48.563, 52, 3166, 41, 28.02
2026/09/21 12:56:49.630, 19, 3161, 42, 32.84
2026/09/21 12:56:50.708, 27, 3166, 42, 30.44
2026/09/21 12:56:51.792, 27, 3166, 41, 31.81
2026/09/21 12:56:52.848, 28, 3166, 42, 33.03
2026/09/21 12:56:53.928, 25, 3166, 42, 34.98
2026/09/21 12:56:55.019, 20, 3166, 42, 33.09
2026/09/21 12:56:56.093, 36, 3166, 42, 31.23
2026/09/21 12:56:57.163, 38, 3160, 42, 33.08
2026/09/21 12:56:58.235, 35, 3165, 41, 32.06
2026/09/21 12:56:59.322, 27, 3165, 42, 30.15
2026/09/21 12:57:00.387, 29, 3166, 42, 34.25
2026/09/21 12:57:01.449, 29, 3160, 42, 30.16
2026/09/21 12:57:02.509, 23, 3165, 41, 28.19
2026/09/21 12:57:03.567, 47, 3166, 42, 29.04
2026/09/21 12:57:04.638, 29, 3160, 42, 33.06
2026/09/21 12:57:05.698, 34, 3160, 41, 31.38
2026/09/21 12:57:06.772, 34, 3167, 41, 27.69
2026/09/21 12:57:07.832, 48, 3167, 42, 28.32
2026/09/21 12:57:08.889, 31, 3167, 42, 33.97
2026/09/21 12:57:09.948, 25, 3163, 42, 31.35
2026/09/21 12:57:11.007, 26, 3167, 42, 28.06
2026/09/21 12:57:12.064, 44, 3167, 41, 27.35
2026/09/21 12:57:13.120, 29, 3165, 41, 32.97
2026/09/21 12:57:14.187, 31, 3165, 42, 34.59
2026/09/21 12:57:15.267, 23, 3166, 41, 29.49
2026/09/21 12:57:16.335, 35, 3166, 42, 27.94
2026/09/21 12:57:17.395, 31, 3161, 41, 27.06
2026/09/21 12:57:18.459, 27, 3166, 41, 29.07
2026/09/21 12:57:19.525, 28, 3166, 42, 35.49
2026/09/21 12:57:20.609, 32, 3166, 42, 36.51
2026/09/21 12:57:21.668, 23, 3161, 45, 44.05
2026/09/21 12:57:22.732, 22, 3165, 44, 52.29
2026/09/21 12:57:23.820, 31, 3166, 42, 41.77
2026/09/21 12:57:24.882, 30, 3166, 43, 35.29
2026/09/21 12:57:25.946, 34, 3161, 41, 30.33
2026/09/21 12:57:27.008, 22, 3166, 42, 29.36
2026/09/21 12:57:28.074, 26, 3166, 42, 33.31
2026/09/21 12:57:29.148, 46, 3166, 42, 31.00
2026/09/21 12:57:30.207, 22, 3166, 42, 29.92
2026/09/21 12:57:31.267, 37, 3166, 42, 30.86
2026/09/21 12:57:32.346, 30, 3166, 42, 33.03
2026/09/21 12:57:33.404, 26, 3161, 42, 31.66
2026/09/21 12:57:34.475, 35, 3166, 42, 27.58
2026/09/21 12:57:35.550, 32, 3166, 42, 29.11
2026/09/21 12:57:36.623, 33, 3164, 43, 33.30
2026/09/21 12:57:37.687, 42, 3161, 42, 32.19
2026/09/21 12:57:38.741, 24, 3166, 42, 32.72
2026/09/21 12:57:39.799, 37, 3167, 42, 30.87
2026/09/21 12:57:40.855, 23, 3167, 41, 27.59
2026/09/21 12:57:41.930, 15, 3166, 41, 26.23
2026/09/21 12:57:42.991, 47, 3166, 41, 27.78
2026/09/21 12:57:44.080, 25, 3167, 42, 29.79
2026/09/21 12:57:45.146, 38, 3168, 42, 30.19
2026/09/21 12:57:46.209, 38, 3168, 42, 28.63
2026/09/21 12:57:47.266, 22, 3168, 42, 31.62
2026/09/21 12:57:48.329, 36, 3168, 42, 32.17
2026/09/21 12:57:49.387, 27, 3168, 42, 31.72
2026/09/21 12:57:50.455, 14, 3168, 42, 31.70
2026/09/21 12:57:51.523, 33, 3166, 41, 26.12
2026/09/21 12:57:52.592, 42, 3166, 41, 28.31
2026/09/21 12:57:53.654, 39, 3160, 41, 29.43
2026/09/21 12:57:54.720, 41, 3165, 42, 27.78
2026/09/21 12:57:55.778, 42, 3165, 42, 28.09
2026/09/21 12:57:56.853, 38, 3165, 42, 28.61
2026/09/21 12:57:57.921, 28, 3165, 41, 27.16
2026/09/21 12:57:58.996, 31, 3160, 42, 27.77
2026/09/21 12:58:00.068, 36, 3165, 42, 30.36
2026/09/21 12:58:01.139, 26, 3165, 42, 31.74
2026/09/21 12:58:02.206, 27, 3160, 42, 33.69
2026/09/21 12:58:03.266, 37, 3165, 43, 33.03
2026/09/21 12:58:04.332, 27, 3165, 42, 31.91
2026/09/21 12:58:05.402, 27, 3165, 42, 34.08
2026/09/21 12:58:06.470, 31, 3161, 42, 32.99
2026/09/21 12:58:07.528, 39, 3165, 41, 27.10
2026/09/21 12:58:08.589, 16, 3165, 43, 31.72
2026/09/21 12:58:09.648, 16, 3164, 43, 36.94
2026/09/21 12:58:10.717, 15, 3164, 41, 33.80
2026/09/21 12:58:11.788, 50, 3165, 42, 29.87
2026/09/21 12:58:12.844, 30, 3165, 42, 31.34
2026/09/21 12:58:13.904, 36, 3159, 42, 33.00
2026/09/21 12:58:14.962, 50, 3164, 42, 35.80
2026/09/21 12:58:16.022, 27, 3165, 43, 36.73
2026/09/21 12:58:17.082, 21, 3165, 43, 42.49
2026/09/21 12:58:18.132, 19, 3167, 44, 46.78
2026/09/21 12:58:19.198, 28, 3167, 42, 40.01
2026/09/21 12:58:20.253, 27, 3167, 43, 33.76
2026/09/21 12:58:21.313, 26, 3167, 42, 32.81
2026/09/21 12:58:22.367, 24, 3167, 42, 31.42
2026/09/21 12:58:23.427, 28, 3172, 42, 29.30
2026/09/21 12:58:24.490, 38, 3172, 42, 32.63
2026/09/21 12:58:25.564, 34, 3172, 42, 31.81
2026/09/21 12:58:26.638, 13, 3172, 42, 29.78
2026/09/21 12:58:27.710, 37, 3172, 43, 33.17
2026/09/21 12:58:28.777, 16, 3172, 41, 31.78
2026/09/21 12:58:29.844, 19, 3163, 42, 32.83
2026/09/21 12:58:30.908, 19, 3166, 42, 29.86
2026/09/21 12:58:31.969, 34, 3167, 42, 32.62
2026/09/21 12:58:33.037, 48, 3167, 43, 29.99
2026/09/21 12:58:34.102, 33, 3162, 43, 33.56
2026/09/21 12:58:35.169, 31, 3161, 42, 34.25
2026/09/21 12:58:36.255, 25, 3165, 43, 32.25
2026/09/21 12:58:37.322, 25, 3163, 42, 30.83
2026/09/21 12:58:38.389, 29, 3160, 42, 30.62
2026/09/21 12:58:39.455, 21, 3165, 41, 25.89
2026/09/21 12:58:40.512, 31, 3165, 42, 28.82
2026/09/21 12:58:41.570, 35, 3165, 41, 27.81
2026/09/21 12:58:42.649, 29, 3161, 43, 31.36
2026/09/21 12:58:43.713, 41, 3165, 43, 31.72
2026/09/21 12:58:44.771, 28, 3165, 42, 33.69
2026/09/21 12:58:45.829, 28, 3164, 42, 32.49
2026/09/21 12:58:46.896, 24, 3164, 41, 27.51
2026/09/21 12:58:47.961, 28, 3165, 42, 27.18
2026/09/21 12:58:49.032, 34, 3165, 43, 30.73
2026/09/21 12:58:50.110, 26, 3160, 42, 32.30
2026/09/21 12:58:51.185, 24, 3164, 42, 28.27
2026/09/21 12:58:52.241, 35, 3166, 42, 29.01
2026/09/21 12:58:53.304, 36, 3167, 42, 28.53
2026/09/21 12:58:54.388, 35, 3161, 41, 28.11
2026/09/21 12:58:55.451, 36, 3166, 42, 28.10
2026/09/21 12:58:56.518, 29, 3166, 42, 29.36
2026/09/21 12:58:57.580, 41, 3167, 41, 28.32
2026/09/21 12:58:58.646, 22, 3167, 42, 30.17
2026/09/21 12:58:59.713, 21, 3167, 41, 32.62
2026/09/21 12:59:00.769, 32, 3161, 43, 35.65
2026/09/21 12:59:01.832, 21, 3166, 42, 33.20
2026/09/21 12:59:02.889, 26, 3166, 42, 32.47
2026/09/21 12:59:03.962, 48, 3166, 42, 29.59
2026/09/21 12:59:05.028, 39, 3161, 42, 35.93
2026/09/21 12:59:06.107, 28, 3165, 42, 36.08
2026/09/21 12:59:07.190, 37, 3166, 43, 31.81
2026/09/21 12:59:08.264, 27, 3166, 42, 27.41
2026/09/21 12:59:09.352, 38, 3161, 42, 30.05
2026/09/21 12:59:10.414, 44, 3166, 43, 37.06
2026/09/21 12:59:11.489, 20, 3165, 43, 38.06
2026/09/21 12:59:12.552, 33, 3165, 44, 44.62
2026/09/21 12:59:13.612, 23, 3166, 43, 39.75
2026/09/21 12:59:14.668, 30, 3166, 42, 34.79
2026/09/21 12:59:15.731, 40, 3159, 43, 35.01
2026/09/21 12:59:16.791, 0, 3165, 41, 27.31
2026/09/21 12:59:17.846, 1, 3154, 41, 20.31
2026/09/21 12:59:18.923, 0, 400, 40, 16.24
2026/09/21 12:59:20.007, 3, 394, 40, 11.17
2026/09/21 12:59:21.191, 4, 394, 40, 7.97
2026/09/21 12:59:22.316, 5, 399, 40, 6.67
